barcode,skuId,productName,category,location,inventoryDate,currentStock,minStock,safetyStock,reorderPoint,maxStock,stockStatus,coverDays,outbound14dTotal,avgDailyOutbound14d,outbound30dTotal,avgDailyOutbound30d,lifecycleStatus
R210089960003,44661639,보노하우스 엠버 이동식 수납 트롤리 네이비 3단,리빙카트,320-A1-2-195,2026-04-16,4,0,0,0,0,normal,,0,0.00,0,0.00,active
R210089990006,44661643,보노하우스 엠버 이동식 수납 트롤리 그레이 3단,기타,320-A1-2-196,2026-04-16,4,0,0,0,0,normal,,0,0.00,0,0.00,active
R006266960001,13835020,모던 리빙카트 트롤리 3단 네이비,리빙카트,320-A1-2-185,2026-04-16,4,0,0,0,2,high,56.00,1,0.07,2,0.07,active
R006266960002,13835023,모던 리빙카트 트롤리 4단 아이보리,리빙카트,320-A1-2-186,2026-04-16,3,0,0,0,0,normal,,0,0.00,0,0.00,active
R006266960008,13835024,모던 리빙카트 트롤리 4단 그레이,리빙카트,320-A1-2-187,2026-04-16,4,0,0,0,0,normal,,0,0.00,0,0.00,active
R006266960009,13835025,모던 리빙카트 트롤리 4단 네이비,리빙카트,320-A1-2-188,2026-04-16,4,0,0,0,4,normal,28.00,2,0.14,4,0.13,active
R210089950002,44661642,보노하우스 엠버 이동식 수납 트롤리 아이보리 2단,리빙카트,320-A1-2-190,2026-04-16,4,0,0,0,0,normal,,0,0.00,0,0.00,active
R210089980005,44661644,보노하우스 엠버 이동식 수납 트롤리 그레이 2단,리빙카트,320-A1-2-191,2026-04-16,4,0,0,0,0,normal,,0,0.00,0,0.00,active
R210089970004,44661641,보노하우스 엠버 이동식 수납 트롤리 아이보리 3단,리빙카트,320-A1-2-193,2026-04-16,4,0,0,0,0,normal,,0,0.00,0,0.00,active
R016233040014,39233744,보노하우스 컴포트 대형 리빙박스 버터 24리터 4개,탑백 리빙박스,320-A1-2-174,2026-04-16,4,0,0,0,2,high,,0,0.00,2,0.07,active
R016233040012,39233730,보노하우스 컴포트 대형 리빙박스 네이비 24리터 2개,탑백 리빙박스,320-A1-2-176,2026-04-16,4,0,0,0,2,high,,0,0.00,2,0.07,active
R016233040013,39233739,보노하우스 컴포트 대형 리빙박스 민트 24리터 2개,탑백 리빙박스,320-A1-2-177,2026-04-16,15,0,0,0,3,high,70.00,3,0.21,3,0.10,active
R006266960007,13835028,모던 리빙카트 트롤리 2단 아이보리,리빙카트,320-A1-2-180,2026-04-16,24,2,2,2,20,high,48.00,7,0.50,20,0.67,active
R006266960005,13835026,모던 리빙카트 트롤리 2단 그레이,리빙카트,320-A1-2-181,2026-04-16,10,0,0,0,4,high,,0,0.00,4,0.13,active
R006266960006,13835027,모던 리빙카트 트롤리 2단 네이비,리빙카트,320-A1-2-182,2026-04-16,6,1,1,1,11,normal,12.00,7,0.50,11,0.37,active
R006266960003,13835021,모던 리빙카트 트롤리 3단 아이보리,리빙카트,320-A1-2-183,2026-04-16,13,1,1,1,9,high,182.00,1,0.07,9,0.30,active
R006266960004,13835022,모던 리빙카트 트롤리 3단 그레이,리빙카트,320-A1-2-184,2026-04-16,4,0,0,0,3,high,28.00,2,0.14,3,0.10,active
R218136180005,50592817,보노하우스 대용량 멀티바스켓  바퀴 1세트 포함 화이트 3개,토이,320-A1-2-156,2026-04-16,14,0,0,0,0,normal,,0,0.00,0,0.00,active
R016233040004,39233725,보노하우스 컴포트 대형 리빙박스 네이비 72리터 4개,탑백 리빙박스,320-A1-2-160,2026-04-16,2,0,0,0,0,normal,,0,0.00,0,0.00,active
R016233040003,39233723,보노하우스 컴포트 대형 리빙박스 민트 72리터 4개,탑백 리빙박스,320-A1-2-161,2026-04-16,2,0,0,0,0,normal,,0,0.00,0,0.00,active
R016233040005,39233732,보노하우스 컴포트 대형 리빙박스 버터 72리터 4개,탑백 리빙박스,320-A1-2-162,2026-04-16,4,0,0,0,0,normal,,0,0.00,0,0.00,active
R016233040008,39233753,보노하우스 컴포트 대형 리빙박스 버터 72리터 2개,탑백 리빙박스,320-A1-2-165,2026-04-16,4,0,0,0,0,normal,,0,0.00,0,0.00,active
R016233040009,39233707,보노하우스 컴포트 대형 리빙박스 민트 52리터 4개,탑백 리빙박스,320-A1-2-167,2026-04-16,2,0,0,0,0,normal,,0,0.00,0,0.00,active
R016233040018,39233710,보노하우스 컴포트 대형 리빙박스 네이비 52리터 2개,탑백 리빙박스,320-A1-2-169,2026-04-16,1,0,0,0,0,normal,,0,0.00,0,0.00,active
R016233040001,39233703,보노하우스 컴포트 대형 리빙박스 민트 52리터 2개,탑백 리빙박스,320-A1-2-170,2026-04-16,2,0,0,0,0,normal,,0,0.00,0,0.00,active
R016233040017,39233709,보노하우스 컴포트 대형 리빙박스 버터 52리터 2개,탑백 리빙박스,320-A1-2-171,2026-04-16,4,1,1,1,6,normal,18.67,3,0.21,6,0.20,active
R016233040015,39233747,보노하우스 컴포트 대형 리빙박스 네이비 24리터 4개,탑백 리빙박스,320-A1-2-172,2026-04-16,4,0,0,0,0,normal,,0,0.00,0,0.00,active
R246038060006,68390193,보노하우스 모던 미니 해피박스 정리함 블루 4개 22 x 22 x 14 cm,북 트롤리,320-A1-2-142,2026-04-16,4,0,0,0,2,high,,0,0.00,2,0.07,active
R246038070007,68390194,보노하우스 모던 미니 해피박스 정리함 그레이 4개 22 x 22 x 14 cm,북 트롤리,320-A1-2-143,2026-04-16,1,0,0,0,0,normal,,0,0.00,0,0.00,active
R246038080008,68390195,보노하우스 모던 미니 해피박스 정리함 버터 4개 22 x 22 x 14 cm,북 트롤리,320-A1-2-144,2026-04-16,10,0,0,0,0,normal,,0,0.00,0,0.00,active
R226361710001,56776092,보노하우스 이유 적층형 다용도 정리함 화이트 4개 15.5 X 23.5 X 11.2cm,이유 정리함,320-A1-2-145,2026-04-16,54,14,14,14,137,normal,14.00,54,3.86,137,4.57,active
R226361720002,56776093,보노하우스 이유 적층형 다용도 정리함 화이트 6개 15.5 X 23.5 X 11.2cm,이유 정리함,320-A1-2-146,2026-04-16,76,25,25,25,253,normal,13.14,81,5.79,253,8.43,active
R226361730003,56776094,보노하우스 이유 적층형 다용도 정리함 화이트 9개 15.5 X 23.5 X 11.2cm,이유 정리함,320-A1-2-149,2026-04-16,19,8,8,8,81,normal,7.00,38,2.71,81,2.70,active
R000611050008,3141136,Box_80L 초대형 모던바스켓 그레이 4개,토이,320-A1-2-150,2026-04-16,4,2,2,2,18,normal,5.09,11,0.79,18,0.60,active
R000611050006,3141134,Box_80L 초대형 모던바스켓 네이비 6개,토이,320-A1-2-151,2026-04-16,4,1,1,1,14,normal,5.60,10,0.71,14,0.47,active
R218136160003,50592815,보노하우스 대용량 멀티바스켓  바퀴 1세트 포함 화이트 2개,토이,320-A1-2-152,2026-04-16,4,0,0,0,3,high,,0,0.00,3,0.10,active
R218136170004,50592816,보노하우스 대용량 멀티바스켓  바퀴 1세트 포함 크림 2개,토이,320-A1-2-153,2026-04-16,6,1,1,1,13,normal,42.00,2,0.14,13,0.43,active
R218136150002,50592814,보노하우스 대용량 멀티바스켓  바퀴 1세트 포함 화이트 4개,토이,320-A1-2-154,2026-04-16,4,0,0,0,3,high,18.67,3,0.21,3,0.10,active
R218136140001,50592813,보노하우스 대용량 멀티바스켓  바퀴 1세트 포함 크림 4개,토이,320-A1-2-154,2026-04-16,5,1,1,1,11,normal,11.67,6,0.43,11,0.37,active
R218136190006,50592818,보노하우스 대용량 멀티바스켓  바퀴 1세트 포함 크림 3개,토이,320-A1-2-155,2026-04-16,4,0,0,0,0,normal,,0,0.00,0,0.00,active
R246038010001,68390188,보노하우스 모던 미니 해피박스 정리함 핑크 2개 22 x 22 x 14 cm,북 트롤리,320-A1-2-137,2026-04-16,6,2,2,2,16,normal,10.50,8,0.57,16,0.53,active
R246038020002,68390189,보노하우스 모던 미니 해피박스 정리함 블루 2개 22 x 22 x 14 cm,북 트롤리,320-A1-2-138,2026-04-16,5,0,0,0,2,high,,0,0.00,2,0.07,active
R246038030003,68390190,보노하우스 모던 미니 해피박스 정리함 그레이 2개 22 x 22 x 14 cm,북 트롤리,320-A1-2-139,2026-04-16,5,0,0,0,0,normal,,0,0.00,0,0.00,active
R246038040004,68390191,보노하우스 모던 미니 해피박스 정리함 버터 2개 22 x 22 x 14 cm,북 트롤리,320-A1-2-140,2026-04-16,4,0,0,0,3,high,28.00,2,0.14,3,0.10,active
R246038050005,68390192,보노하우스 모던 미니 해피박스 정리함 핑크 4개 22 x 22 x 14 cm,북 트롤리,320-A1-2-141,2026-04-16,4,0,0,0,0,normal,,0,0.00,0,0.00,active
R204398080008,41116682,보노하우스 마벨 슬림 북트롤리 화이트 4단 1개,북 트롤리,320-A1-2-125,2026-04-16,4,0,0,0,3,high,,0,0.00,3,0.10,active
R204398120012,41116684,보노하우스 마벨 슬림 북트롤리 버터 4단 1개,북 트롤리,320-A1-2-126,2026-04-16,1,0,0,0,0,normal,,0,0.00,0,0.00,active
R204398020002,41116680,보노하우스 마벨 슬림 북트롤리 화이트 5단 1개,북 트롤리,320-A1-2-127,2026-04-16,3,0,0,0,1,high,42.00,1,0.07,1,0.03,active
R204398100010,41116686,보노하우스 마벨 슬림 북트롤리 버터 5단 1개,북 트롤리,320-A1-2-128,2026-04-16,1,0,0,0,1,normal,,0,0.00,1,0.03,active
R204398010001,41116675,보노하우스 마벨 슬림 북트롤리 화이트 6단 1개,북 트롤리,320-A1-2-129,2026-04-16,2,0,0,0,3,normal,14.00,2,0.14,3,0.10,active
R204398030003,41116676,보노하우스 마벨 슬림 북트롤리 버터 6단 1개,북 트롤리,320-A1-2-130,2026-04-16,1,0,0,0,0,normal,,0,0.00,0,0.00,active
R211452140001,45904234,보노하우스 어니스트 칸막이 정리함 화이트 1개,북 트롤리,320-A1-2-131,2026-04-16,4,0,0,0,0,normal,,0,0.00,0,0.00,active
R211452170004,45904238,보노하우스 어니스트 칸막이 정리함 버터 1개,북 트롤리,320-A1-2-132,2026-04-16,4,0,0,0,0,normal,,0,0.00,0,0.00,active
R211452150002,45904236,보노하우스 어니스트 칸막이 정리함 모던핑크 1개,북 트롤리,320-A1-2-133,2026-04-16,5,0,0,0,3,high,23.33,3,0.21,3,0.10,active
R217989060003,50517276,보노하우스 베이직 북트롤리 2단 화이트 1개,북 트롤리,320-A1-2-134,2026-04-16,4,1,1,1,8,normal,14.00,4,0.29,8,0.27,active
R211452160003,45904237,보노하우스 어니스트 칸막이 정리함 모던블루 1개,북 트롤리,320-A1-2-136,2026-04-16,2,0,0,0,1,high,,0,0.00,1,0.03,active
R016128090006,38618760,보노하우스 모던 북 트롤리 수납 정리함 화이트 5단 1개,북 트롤리,320-A1-2-115,2026-04-16,46,11,11,11,107,normal,12.38,52,3.71,107,3.57,active
R016128090005,38618759,보노하우스 모던 북 트롤리 수납 정리함 버터 5단 1개,북 트롤리,320-A1-2-116,2026-04-16,9,4,4,4,44,normal,7.00,18,1.29,44,1.47,active
R016128090004,38618758,보노하우스 모던 북 트롤리 수납 정리함 모던핑크 5단 1개,북 트롤리,320-A1-2-117,2026-04-16,6,2,2,2,16,normal,14.00,6,0.43,16,0.53,active
R016128090003,38618757,보노하우스 모던 북 트롤리 수납 정리함 모던블루 5단 1개,북 트롤리,320-A1-2-118,2026-04-16,4,0,0,0,3,high,56.00,1,0.07,3,0.10,active
R016128090002,38618762,보노하우스 모던 북 트롤리 수납 정리함 화이트 6단 1개,북 트롤리,320-A1-2-120,2026-04-16,7,1,1,1,8,normal,32.67,3,0.21,8,0.27,active
R016128090001,38618761,보노하우스 모던 북 트롤리 수납 정리함 버터 6단 1개,북 트롤리,320-A1-2-121,2026-04-16,4,1,1,1,6,normal,18.67,3,0.21,6,0.20,active
R016128090012,38618765,보노하우스 모던 북 트롤리 수납 정리함 모던핑크 6단 1개,북 트롤리,320-A1-2-122,2026-04-16,4,0,0,0,4,normal,28.00,2,0.14,4,0.13,active
R016128090009,38618763,보노하우스 모던 북 트롤리 수납 정리함 모던블루 6단 1개,북 트롤리,320-A1-2-123,2026-04-16,2,0,0,0,0,normal,,0,0.00,0,0.00,active
R203810420005,40531608,보노하우스 베이직 이동식 북 트롤리 버터 5단 1개,북 트롤리,320-A1-2-101,2026-04-16,3,0,0,0,3,normal,42.00,1,0.07,3,0.10,active
R203810450008,40531612,보노하우스 베이직 이동식 북 트롤리 모던블루 5단 1개,북 트롤리,320-A1-2-103,2026-04-16,3,0,0,0,0,normal,,0,0.00,0,0.00,active
R203810480011,40531601,보노하우스 베이직 이동식 북 트롤리 화이트 6단 1개,북 트롤리,320-A1-2-105,2026-04-16,3,2,2,2,20,normal,7.00,6,0.43,20,0.67,active
R203810380001,40531598,보노하우스 베이직 이동식 북 트롤리 버터 6단 1개,북 트롤리,320-A1-2-106,2026-04-16,4,0,0,0,4,normal,28.00,2,0.14,4,0.13,active
R203810510014,40531603,보노하우스 베이직 이동식 북 트롤리 모던핑크 6단 1개,북 트롤리,320-A1-2-107,2026-04-16,3,0,0,0,1,high,,0,0.00,1,0.03,active
R016128090011,38618768,보노하우스 모던 북 트롤리 수납 정리함 화이트 4단 1개,북 트롤리,320-A1-2-110,2026-04-16,10,6,6,6,61,normal,6.09,23,1.64,61,2.03,active
R016128090010,38618767,보노하우스 모던 북 트롤리 수납 정리함 버터 4단 1개,북 트롤리,320-A1-2-111,2026-04-16,13,3,3,3,30,normal,13.00,14,1.00,30,1.00,active
R016128090008,38618766,보노하우스 모던 북 트롤리 수납 정리함 모던핑크 4단 1개,북 트롤리,320-A1-2-112,2026-04-16,10,1,1,1,7,high,46.67,3,0.21,7,0.23,active
R016128090007,38618764,보노하우스 모던 북 트롤리 수납 정리함 모던블루 4단 1개,북 트롤리,320-A1-2-113,2026-04-16,3,0,0,0,3,normal,21.00,2,0.14,3,0.10,active
R204398210008,41117076,보노하우스 틈새 수납 슬림 트롤리  모던 블루 3단 1개,북 트롤리,320-A1-2-88,2026-04-16,4,0,0,0,4,normal,56.00,1,0.07,4,0.13,active
R203810470010,40531602,보노하우스 베이직 이동식 북 트롤리 화이트 3단 1개,북 트롤리,320-A1-2-90,2026-04-16,7,4,4,4,44,normal,5.44,18,1.29,44,1.47,active
R203810430006,40531599,보노하우스 베이직 이동식 북 트롤리 버터 3단 1개,북 트롤리,320-A1-2-91,2026-04-16,5,1,1,1,12,normal,23.33,3,0.21,12,0.40,active
R203810530016,40531604,보노하우스 베이직 이동식 북 트롤리 모던핑크 3단 1개,북 트롤리,320-A1-2-92,2026-04-16,4,0,0,0,4,normal,56.00,1,0.07,4,0.13,active
R203810400003,40531597,보노하우스 베이직 이동식 북 트롤리 모던블루 3단 1개,북 트롤리,320-A1-2-93,2026-04-16,3,0,0,0,1,high,42.00,1,0.07,1,0.03,active
R203810460009,40531607,보노하우스 베이직 이동식 북 트롤리 화이트 4단 1개,북 트롤리,320-A1-2-95,2026-04-16,8,3,3,3,30,normal,14.00,8,0.57,30,1.00,active
R203810410004,40531605,보노하우스 베이직 이동식 북 트롤리 버터 4단 1개,북 트롤리,320-A1-2-96,2026-04-16,7,1,1,1,12,normal,24.50,4,0.29,12,0.40,active
R203810520015,40531610,보노하우스 베이직 이동식 북 트롤리 모던핑크 4단 1개,북 트롤리,320-A1-2-97,2026-04-16,4,0,0,0,2,high,56.00,1,0.07,2,0.07,active
R203810490012,40531613,보노하우스 베이직 이동식 북 트롤리 화이트 5단 1개,북 트롤리,320-A1-2-100,2026-04-16,4,2,2,2,15,normal,14.00,4,0.29,15,0.50,active
R015202640011,35237523,보노하우스 조립식 데크타일 크림 18장,데크타일,320-A1-2-75,2026-04-16,38,13,13,13,133,normal,8.72,61,4.36,133,4.43,active
R015202640012,35237524,보노하우스 조립식 데크타일 모노화이트 18장,데크타일,320-A1-2-76,2026-04-16,11,5,5,5,47,normal,14.00,11,0.79,47,1.57,active
R015202640010,35237522,보노하우스 조립식 데크타일 그레이 18장,데크타일,320-A1-2-77,2026-04-16,7,4,4,4,40,normal,7.54,13,0.93,40,1.33,active
R015202640009,35237521,보노하우스 조립식 데크타일 다크브라운 18장,데크타일,320-A1-2-78,2026-04-16,13,5,5,5,48,normal,8.67,21,1.50,48,1.60,active
R015202640008,35237520,보노하우스 조립식 데크타일 블랙 18장,데크타일,320-A1-2-79,2026-04-16,9,4,4,4,41,normal,8.40,15,1.07,41,1.37,active
R204398150002,41117071,보노하우스 틈새 수납 슬림 트롤리  화이트 2단 1개,북 트롤리,320-A1-2-80,2026-04-16,19,6,6,6,65,normal,10.23,26,1.86,65,2.17,active
R204398140001,41117069,보노하우스 틈새 수납 슬림 트롤리  버터 2단 1개,북 트롤리,320-A1-2-81,2026-04-16,35,6,6,6,63,normal,20.42,24,1.71,63,2.10,active
R204398160003,41117073,보노하우스 틈새 수납 슬림 트롤리  모던 핑크 2단 1개,북 트롤리,320-A1-2-82,2026-04-16,7,1,1,1,14,normal,14.00,7,0.50,14,0.47,active
R204398200007,41117075,보노하우스 틈새 수납 슬림 트롤리  모던 블루 2단 1개,북 트롤리,320-A1-2-83,2026-04-16,4,1,1,1,6,normal,18.67,3,0.21,6,0.20,active
R204398180005,41117072,보노하우스 틈새 수납 슬림 트롤리  화이트 3단 1개,북 트롤리,320-A1-2-85,2026-04-16,15,2,2,2,21,normal,42.00,5,0.36,21,0.70,active
R204398170004,41117070,보노하우스 틈새 수납 슬림 트롤리  버터 3단 1개,북 트롤리,320-A1-2-86,2026-04-16,5,3,3,3,28,normal,5.00,14,1.00,28,0.93,active
R204398190006,41117074,보노하우스 틈새 수납 슬림 트롤리  모던 핑크 3단 1개,북 트롤리,320-A1-2-87,2026-04-16,14,1,1,1,7,high,196.00,1,0.07,7,0.23,active
R001327720030,7097099,BOX_모던 해피박스 2P 그레이+아이보리,기저귀 정리함,320-A1-2-55,2026-04-16,20,1,1,1,6,high,140.00,2,0.14,6,0.20,active
R014194370001,32177290,보노하우스 얌얌 젖병건조대 핑크,기저귀 정리함,320-A1-2-63,2026-04-16,3,0,0,0,0,normal,,0,0.00,0,0.00,active
R014194370003,32177292,보노하우스 얌얌 젖병건조대 블루,기저귀 정리함,320-A1-2-64,2026-04-16,4,0,0,0,0,normal,,0,0.00,0,0.00,active
R014194370002,32177291,보노하우스 얌얌 젖병건조대 그린,기저귀 정리함,320-A1-2-65,2026-04-16,4,0,0,0,0,normal,,0,0.00,0,0.00,active
R015202640001,35237518,보노하우스 조립식 데크타일 크림 9장,데크타일,320-A1-2-70,2026-04-16,15,6,6,6,64,normal,10.00,21,1.50,64,2.13,active
R015202640002,35237519,보노하우스 조립식 데크타일 모노화이트 9장,데크타일,320-A1-2-71,2026-04-16,6,2,2,2,22,normal,16.80,5,0.36,22,0.73,active
R015202640015,35237528,보노하우스 조립식 데크타일 그레이 9장,데크타일,320-A1-2-72,2026-04-16,5,3,3,3,27,normal,14.00,5,0.36,27,0.90,active
R015202640014,35237527,보노하우스 조립식 데크타일 다크브라운 9장,데크타일,320-A1-2-73,2026-04-16,17,3,3,3,26,normal,26.44,9,0.64,26,0.87,active
R015202640013,35237526,보노하우스 조립식 데크타일 블랙 9장,데크타일,320-A1-2-74,2026-04-16,7,3,3,3,28,normal,8.17,12,0.86,28,0.93,active
R231382320003,59729559,보노하우스 모던 이동식 해피박스 그레이 2개 1세트 44L 370X370X320mm,해피,320-A1-2-47,2026-04-16,20,3,3,3,28,normal,140.00,2,0.14,28,0.93,active
R231382330004,59729560,보노하우스 모던 이동식 해피박스 버터 2개 1세트 44L 370X370X320mm,해피,320-A1-2-48,2026-04-16,16,8,8,8,79,normal,8.96,25,1.79,79,2.63,active
R004066350001,11076127,모던 펭귄 정리함 화이트,펭귄 기저귀 정리함,320-A1-2-51,2026-04-16,4,0,0,0,0,normal,,0,0.00,0,0.00,active
SKU0000099999,112341,펭귄즈 정리함_화이트,펭귄 기저귀 정리함,320-A1-2-51,2026-04-16,4,0,0,0,1,high,,0,0.00,1,0.03,active
R003286190001,10303348,펭귄 기저귀 정리함 3단(캡1개 포함) 화이트,펭귄 기저귀 정리함,320-A1-2-52,2026-04-16,4,0,0,0,3,high,28.00,2,0.14,3,0.10,active
R010817270005,18630021,보노하우스 모던 트롤리 3단 화이트 1개,기저귀 정리함,320-A1-2-53,2026-04-16,5,0,0,0,1,high,,0,0.00,1,0.03,active
R000538800019,3094775,Box_모던해피박스_블루_2개,해피,320-A1-2-54,2026-04-16,5,0,0,0,1,high,,0,0.00,1,0.03,active
R014930400001,34179908,보노하우스 슬라이딩 옷정리 적층 트레이 중형 10개,슬라이딩 스텝,320-A1-2-34,2026-04-16,82,43,43,43,430,normal,7.65,150,10.71,430,14.33,active
R014930400002,34179910,보노하우스 슬라이딩 옷정리 적층 트레이 중형 15개,슬라이딩 스텝,320-A1-2-35,2026-04-16,12,6,6,6,60,normal,6.22,27,1.93,60,2.00,active
R004575270008,11564099,보노 슬라이딩 스텝 바스켓  중형 15개,슬라이딩 스텝,320-A1-2-35,2026-04-16,10,0,0,0,0,normal,,0,0.00,0,0.00,active
R249633900001,70715872,보노하우스 국내제조 코지 바스켓 타워  화이트 1개 2단,기타,320-A1-2-37,2026-04-16,1,0,0,0,0,normal,,0,0.00,0,0.00,active
R249633910002,70715873,보노하우스 국내제조 코지 바스켓 타워  브라운 1개 2단,기타,320-A1-2-38,2026-04-16,1,0,0,0,0,normal,,0,0.00,0,0.00,active
R000764170002,3317224,02 코지 바스켓 타워 3단 브라운,야채바구니,320-A1-2-39,2026-04-16,13,2,2,2,22,normal,26.00,7,0.50,22,0.73,active
R001022730019,4111172,019 오픈 스텝바스켓 4단 화이트,오픈 스텝,320-A1-2-40,2026-04-16,5,1,1,1,14,normal,6.36,11,0.79,14,0.47,active
R001022730013,4111166,013 오픈 스텝바스켓 3단 화이트,오픈 스텝,320-A1-2-41,2026-04-16,7,2,2,2,21,normal,7.00,14,1.00,21,0.70,active
R001022730022,4111175,022 오픈 스텝바스켓 4단 그레이,오픈 스텝,320-A1-2-42,2026-04-16,4,1,1,1,8,normal,14.00,4,0.29,8,0.27,active
R000764170001,3317223,코지 바스켓 타워 3단 화이트,야채바구니,320-A1-2-43,2026-04-16,5,3,3,3,30,normal,10.00,7,0.50,30,1.00,active
R000764170006,3296650,02 코지 바스켓 타워 4단 화이트,야채바구니,320-A1-2-44,2026-04-16,9,2,2,2,15,normal,25.20,5,0.36,15,0.50,active
R231382300001,59729557,보노하우스 모던 이동식 해피박스 핑크 2개 1세트 44L 370X370X320mm,해피,320-A1-2-45,2026-04-16,8,1,1,1,13,normal,28.00,4,0.29,13,0.43,active
R231382310002,59729558,보노하우스 모던 이동식 해피박스 블루 2개 1세트 44L 370X370X320mm,해피,320-A1-2-46,2026-04-16,8,0,0,0,5,high,,0,0.00,5,0.17,active
R015787750006,36916145,보노하우스 플라스틱 리빙박스 반투명 72리터 4개,탑백 리빙박스,320-A1-2-24,2026-04-16,4,0,0,0,4,normal,,0,0.00,4,0.13,active
R014930400005,34179921,보노하우스 슬라이딩 옷정리 적층 트레이 소형 5개,슬라이딩 스텝,320-A1-2-30,2026-04-16,4,2,2,2,23,normal,4.67,12,0.86,23,0.77,active
R004575270005,11564101,보노 슬라이딩 스텝 바스켓 소형 5개,슬라이딩 스텝,320-A1-2-30,2026-04-16,4,0,0,0,0,normal,,0,0.00,0,0.00,active
R004575270006,11564102,보노 슬라이딩 스텝바스켓 소형 10개,슬라이딩 스텝,320-A1-2-31,2026-04-16,4,0,0,0,4,normal,,0,0.00,4,0.13,active
R014930400006,34179925,보노하우스 슬라이딩 옷정리 적층 트레이 소형 10개,슬라이딩 스텝,320-A1-2-31,2026-04-16,97,20,20,20,199,normal,16.56,82,5.86,199,6.63,active
R014930400007,34179926,보노하우스 슬라이딩 옷정리 적층 트레이 소형 15개,슬라이딩 스텝,320-A1-2-32,2026-04-16,6,2,2,2,23,normal,12.00,7,0.50,23,0.77,active
R004575270003,11564100,보노 슬라이딩 스텝 바스켓 소형 15개,슬라이딩 스텝,320-A1-2-32,2026-04-16,8,0,0,0,0,normal,,0,0.00,0,0.00,active
R014930400008,34179911,보노하우스 슬라이딩 옷정리 적층 트레이 중형 5개,슬라이딩 스텝,320-A1-2-33,2026-04-16,25,9,9,9,92,normal,8.75,40,2.86,92,3.07,active
R004575270002,11564097,보노 슬라이딩 스텝 바스켓  중형 10개,슬라이딩 스텝,320-A1-2-34,2026-04-16,4,0,0,0,0,normal,,0,0.00,0,0.00,active
R013009910003,26879075,보노하우스 탑백 리빙박스 72리터 그레이 2개,탑백 리빙박스,320-A1-2-15,2026-04-16,7,2,2,2,15,normal,8.17,12,0.86,15,0.50,active
R015379280003,35646400,보노하우스 탑백 리빙박스 72L 크림 4개,탑백 리빙박스,320-A1-2-16,2026-04-16,4,1,1,1,6,normal,28.00,2,0.14,6,0.20,active
R015379280001,35646398,보노하우스 탑백 리빙박스 72L 화이트 4개,탑백 리빙박스,320-A1-2-17,2026-04-16,5,2,2,2,25,normal,4.38,16,1.14,25,0.83,active
R015379280002,35646399,보노하우스 탑백 리빙박스 72L 그레이 4개,탑백 리빙박스,320-A1-2-18,2026-04-16,4,0,0,0,4,normal,,0,0.00,4,0.13,active
R015787750001,36916143,보노하우스 플라스틱 리빙박스 반투명 24리터 2개,탑백 리빙박스,320-A1-2-19,2026-04-16,14,0,0,0,1,high,196.00,1,0.07,1,0.03,active
R015787750002,36916146,보노하우스 플라스틱 리빙박스 반투명 24리터 4개,탑백 리빙박스,320-A1-2-20,2026-04-16,4,0,0,0,1,high,,0,0.00,1,0.03,active
R015787750003,36916144,보노하우스 플라스틱 리빙박스 반투명 52리터 2개,탑백 리빙박스,320-A1-2-21,2026-04-16,4,0,0,0,1,high,,0,0.00,1,0.03,active
R015787750004,36916147,보노하우스 플라스틱 리빙박스 반투명 52리터 4개,탑백 리빙박스,320-A1-2-22,2026-04-16,4,0,0,0,0,normal,,0,0.00,0,0.00,active
R015787750005,36916142,보노하우스 플라스틱 리빙박스 반투명 72리터 2개,탑백 리빙박스,320-A1-2-23,2026-04-16,9,0,0,0,1,high,,0,0.00,1,0.03,active
R013009990006,26876635,보노하우스 탑백 리빙박스 24리터 그레이 4개,탑백 리빙박스,320-A1-2-6,2026-04-16,3,0,0,0,4,normal,42.00,1,0.07,4,0.13,active
R013009800002,26876447,보노하우스 탑백 리빙박스 52리터 크림 2개,탑백 리빙박스,320-A1-2-7,2026-04-16,4,2,2,2,19,normal,4.67,12,0.86,19,0.63,active
R013009800001,26876446,보노하우스 탑백 리빙박스 52리터 화이트 2개,탑백 리빙박스,320-A1-2-8,2026-04-16,12,6,6,6,55,normal,6.46,26,1.86,55,1.83,active
R013009800003,26876448,보노하우스 탑백 리빙박스 52리터 그레이 2개,탑백 리빙박스,320-A1-2-9,2026-04-16,5,2,2,2,15,normal,8.75,8,0.57,15,0.50,active
R013009800005,26876450,보노하우스 탑백 리빙박스 52리터 크림 4개,탑백 리빙박스,320-A1-2-10,2026-04-16,7,0,0,0,0,normal,,0,0.00,0,0.00,active
R013009800004,26876449,보노하우스 탑백 리빙박스 52리터 화이트 4개,탑백 리빙박스,320-A1-2-11,2026-04-16,4,2,2,2,25,normal,4.67,12,0.86,25,0.83,active
R013009800006,26876451,보노하우스 탑백 리빙박스 52리터 그레이 4개,탑백 리빙박스,320-A1-2-12,2026-04-16,4,0,0,0,4,normal,28.00,2,0.14,4,0.13,active
R013009910002,26879073,보노하우스 탑백 리빙박스 72리터 크림 2개,탑백 리빙박스,320-A1-2-13,2026-04-16,3,2,2,2,22,normal,2.47,17,1.21,22,0.73,active
R013009910001,26879072,보노하우스 탑백 리빙박스 72리터 화이트 2개,탑백 리빙박스,320-A1-2-14,2026-04-16,13,5,5,5,50,normal,5.35,34,2.43,50,1.67,active
R014389540003,32932410,보노하우스 후르츠 파스텔 바스켓  3단 바퀴형 1개,오픈 스텝,320-A1-1-994,2026-04-16,36,1,1,1,7,high,126.00,4,0.29,7,0.23,active
R014389540006,32932409,보노하우스 후르츠 파스텔 바스켓  4단 바퀴형 1개,오픈 스텝,320-A1-1-995,2026-04-16,2,0,0,0,0,normal,,0,0.00,0,0.00,active
R212161680001,46825099,보노하우스 스트롱 논슬립 바지걸이 블랙 20개,오픈 스텝,320-A1-1-996,2026-04-16,4,0,0,0,2,high,28.00,2,0.14,2,0.07,active
R212161690002,46825100,보노하우스 스트롱 논슬립 바지걸이  블랙 30개,오픈 스텝,320-A1-1-997,2026-04-16,4,0,0,0,3,high,18.67,3,0.21,3,0.10,active
R013009990002,26876632,보노하우스 탑백 리빙박스 24리터 크림 2개,탑백 리빙박스,320-A1-2-1,2026-04-16,8,2,2,2,17,normal,12.44,9,0.64,17,0.57,active
R013011270001,26880214,보노하우스 탑백 리빙박스 24리터 화이트 2개,탑백 리빙박스,320-A1-2-2,2026-04-16,26,2,2,2,22,high,33.09,11,0.79,22,0.73,active
R013009990003,26876633,보노하우스 탑백 리빙박스 24리터 그레이 2개,탑백 리빙박스,320-A1-2-3,2026-04-16,4,2,2,2,17,normal,5.09,11,0.79,17,0.57,active
R013009990005,26876634,보노하우스 탑백 리빙박스 24리터 크림 4개,탑백 리빙박스,320-A1-2-4,2026-04-16,4,0,0,0,2,high,56.00,1,0.07,2,0.07,active
R013011270002,26880219,보노하우스 탑백 리빙박스 24리터 화이트 4개,탑백 리빙박스,320-A1-2-5,2026-04-16,4,2,2,2,16,normal,5.60,10,0.71,16,0.53,active
R210308800001,44938836,유원피에스 보노하우스 칵투스 물빠짐 목욕바구니 대,칵투스,320-A1-1-984,2026-04-16,4,1,1,1,6,normal,11.20,5,0.36,6,0.20,active
R210119330005,44668580,보노하우스 칵투스 손잡이 양치컵 대,칵투스,320-A1-1-985,2026-04-16,45,22,22,22,216,normal,7.08,89,6.36,216,7.20,active
R210189920003,44895336,보노하우스 칵투스 커버형 비누 받침대,칵투스,320-A1-1-986,2026-04-16,180,101,101,101,1014,normal,5.94,424,30.29,1014,33.80,active
R210189930004,44895335,보노하우스 칵투스 다용도 위생선반 2단,칵투스,320-A1-1-987,2026-04-16,4,0,0,0,4,normal,56.00,1,0.07,4,0.13,active
R210119300002,44668578,보노하우스 칵투스 다용도 수납홀더 대,칵투스,320-A1-1-988,2026-04-16,4,1,1,1,10,normal,14.00,4,0.29,10,0.33,active
R210189900001,44895333,유원피에스 보노하우스 신발정리대 프리미엄 슈즈랙 10P,칵투스,320-A1-1-989,2026-04-16,13,3,3,3,33,normal,13.00,14,1.00,33,1.10,active
R014389540005,32932414,보노하우스 후르츠 파스텔 바스켓  2단 발판형 1개,오픈 스텝,320-A1-1-990,2026-04-16,1,0,0,0,1,normal,14.00,1,0.07,1,0.03,active
R014389540002,32932415,보노하우스 후르츠 파스텔 바스켓  3단 발판형 1개,오픈 스텝,320-A1-1-991,2026-04-16,4,0,0,0,3,high,56.00,1,0.07,3,0.10,active
R014389540001,32932412,보노하우스 후르츠 파스텔 바스켓  4단 발판형 1개,오픈 스텝,320-A1-1-992,2026-04-16,4,0,0,0,0,normal,,0,0.00,0,0.00,active
R014389540004,32932413,보노하우스 후르츠 파스텔 바스켓  2단 바퀴형 1개,오픈 스텝,320-A1-1-993,2026-04-16,17,0,0,0,1,high,,0,0.00,1,0.03,active
R003750460030,10759911,모던 에센셜 서랍장 6단 핑크,에센셜,320-A1-1-968,2026-04-16,5,0,0,0,3,high,,0,0.00,3,0.10,active
R003750460015,10759905,모던 에센셜 서랍장 6단 네이비,에센셜,320-A1-1-969,2026-04-16,5,0,0,0,0,normal,,0,0.00,0,0.00,active
R013163400002,27617166,보노하우스 심플리 베이직 서랍장 7단 크림 1개,에센셜,320-A1-1-971,2026-04-16,4,0,0,0,3,high,28.00,2,0.14,3,0.10,active
R013163400003,27617167,보노하우스 심플리 베이직 서랍장 7단 화이트 1개,에센셜,320-A1-1-972,2026-04-16,18,1,1,1,11,high,126.00,2,0.14,11,0.37,active
R013163400001,27617165,보노하우스 심플리 베이직 서랍장 7단 라이트 그레이 1개,에센셜,320-A1-1-974,2026-04-16,4,0,0,0,3,high,28.00,2,0.14,3,0.10,active
R210189910002,44895334,유원피에스 보노하우스 칵투스 오픈 비누 받침대,칵투스,320-A1-1-981,2026-04-16,90,20,20,20,199,normal,10.77,117,8.36,199,6.63,active
R210119320004,44668577,보노하우스 칵투스 물빠짐 칫솔꽂이,칵투스,320-A1-1-982,2026-04-16,14,8,8,8,83,normal,5.30,37,2.64,83,2.77,active
R210189940005,45117776,보노하우스 칵투스 슬림 샴푸렉 비누선반포함 그레이,칵투스,320-A1-1-983,2026-04-16,4,1,1,1,9,normal,28.00,2,0.14,9,0.30,active
R003750460009,10759926,모던 에센셜 서랍장 5단 그레이,에센셜,320-A1-1-953,2026-04-16,3,0,0,0,0,normal,,0,0.00,0,0.00,active
R013009750001,26878001,보노하우스 심플리 베이직 서랍장 5단 라이트 그레이 1개,에센셜,320-A1-1-954,2026-04-16,4,0,0,0,0,normal,,0,0.00,0,0.00,active
R013009810002,26878916,보노하우스 심플리 베이직 서랍장 6단 크림 1개,에센셜,320-A1-1-961,2026-04-16,5,0,0,0,0,normal,,0,0.00,0,0.00,active
R013009810003,26878917,보노하우스 심플리 베이직 서랍장 6단 화이트 1개,에센셜,320-A1-1-962,2026-04-16,7,1,1,1,6,high,,0,0.00,6,0.20,active
R003750460005,10759907,모던 에센셜 서랍장 6단 화이트,에센셜,320-A1-1-962,2026-04-16,9,0,0,0,0,normal,,0,0.00,0,0.00,active
R003750460010,10759904,모던 에센셜 서랍장 6단 그레이,에센셜,320-A1-1-963,2026-04-16,5,0,0,0,1,high,,0,0.00,1,0.03,active
R013009810001,26878915,보노하우스 심플리 베이직 서랍장 6단 라이트 그레이 1개,에센셜,320-A1-1-964,2026-04-16,4,0,0,0,0,normal,,0,0.00,0,0.00,active
R003750460012,10759942,모던 에센셜 서랍장 3단 네이비,에센셜,320-A1-1-939,2026-04-16,3,0,0,0,0,normal,,0,0.00,0,0.00,active
R013021990002,26647883,보노하우스 심플리 베이직 서랍장 4단 크림 1개,에센셜,320-A1-1-941,2026-04-16,4,0,0,0,1,high,,0,0.00,1,0.03,active
R003750460003,10759931,모던 에센셜 서랍장 4단 화이트,에센셜,320-A1-1-942,2026-04-16,4,0,0,0,0,normal,,0,0.00,0,0.00,active
R013021990003,26647884,보노하우스 심플리 베이직 서랍장 4단 화이트 1개,에센셜,320-A1-1-942,2026-04-16,4,0,0,0,2,high,56.00,1,0.07,2,0.07,active
R003750460008,10759932,모던 에센셜 서랍장 4단 그레이,에센셜,320-A1-1-943,2026-04-16,4,0,0,0,0,normal,,0,0.00,0,0.00,active
R013021990001,26647878,보노하우스 심플리 베이직 서랍장 4단 라이트 그레이 1개,에센셜,320-A1-1-944,2026-04-16,4,0,0,0,0,normal,,0,0.00,0,0.00,active
R013009750002,26878002,보노하우스 심플리 베이직 서랍장 5단 크림 1개,에센셜,320-A1-1-951,2026-04-16,4,0,0,0,1,high,,0,0.00,1,0.03,active
R003750460004,10759925,모던 에센셜 서랍장 5단 화이트,에센셜,320-A1-1-952,2026-04-16,5,1,1,1,7,normal,23.33,3,0.21,7,0.23,active
R013009750003,26878003,보노하우스 심플리 베이직 서랍장 5단 화이트 1개,에센셜,320-A1-1-952,2026-04-16,10,0,0,0,2,high,,0,0.00,2,0.07,active
R013011210002,26879505,보노하우스 심플리 베이직 서랍장 2단 크림 1개,에센셜,320-A1-1-921,2026-04-16,4,0,0,0,1,high,,0,0.00,1,0.03,active
R013011210003,26879506,보노하우스 심플리 베이직 서랍장 2단 화이트 1개,에센셜,320-A1-1-922,2026-04-16,4,1,1,1,6,normal,11.20,5,0.36,6,0.20,active
R003750460001,10759895,모던 에센셜 서랍장 2단 화이트,에센셜,320-A1-1-922,2026-04-16,8,1,1,1,7,high,56.00,2,0.14,7,0.23,active
R003750460006,10759896,모던 에센셜 서랍장 2단 그레이,에센셜,320-A1-1-923,2026-04-16,4,0,0,0,1,high,56.00,1,0.07,1,0.03,active
R003750460011,10759893,모던 에센셜 서랍장 2단 네이비,에센셜,320-A1-1-929,2026-04-16,4,0,0,0,2,high,56.00,1,0.07,2,0.07,active
R013011260002,26879958,보노하우스 심플리 베이직 서랍장 3단 크림 1개,에센셜,320-A1-1-931,2026-04-16,3,0,0,0,0,normal,,0,0.00,0,0.00,active
R013011260003,26879963,보노하우스 심플리 베이직 서랍장 3단 화이트 1개,에센셜,320-A1-1-932,2026-04-16,4,0,0,0,0,normal,,0,0.00,0,0.00,active
R003750460002,10759944,모던 에센셜 서랍장 3단 화이트,에센셜,320-A1-1-932,2026-04-16,17,0,0,0,2,high,,0,0.00,2,0.07,active
R212660800009,47566928,보노하우스 세라비 우드상판 서랍장 라이트그레이 5단 1개,에센셜,320-A1-1-911,2026-04-16,4,0,0,0,0,normal,,0,0.00,0,0.00,active
R212660790008,47566936,보노하우스 세라비 우드상판 서랍장 크림 6단 1개,에센셜,320-A1-1-912,2026-04-16,4,0,0,0,1,high,56.00,1,0.07,1,0.03,active
R212660730002,47566932,보노하우스 세라비 우드상판 서랍장 화이트 6단 1개,에센셜,320-A1-1-913,2026-04-16,6,0,0,0,3,high,,0,0.00,3,0.10,active
R212660840013,47566940,보노하우스 세라비 우드상판 서랍장 라이트그레이 6단 1개,에센셜,320-A1-1-914,2026-04-16,4,0,0,0,1,high,,0,0.00,1,0.03,active
R212660770006,47566931,보노하우스 세라비 우드상판 서랍장 크림 7단 1개,에센셜,320-A1-1-915,2026-04-16,4,0,0,0,2,high,,0,0.00,2,0.07,active
R212660810010,47566934,보노하우스 세라비 우드상판 서랍장 화이트 7단 1개,에센셜,320-A1-1-916,2026-04-16,4,0,0,0,0,normal,,0,0.00,0,0.00,active
R212660830012,47566939,보노하우스 세라비 우드상판 서랍장 라이트그레이 7단 1개,에센셜,320-A1-1-917,2026-04-16,4,0,0,0,0,normal,,0,0.00,0,0.00,active
R212660760005,47378776,보노하우스 세라비 우드상판 서랍장 크림 3단 1개,에센셜,320-A1-1-904,2026-04-16,4,0,0,0,0,normal,,0,0.00,0,0.00,active
R212660820011,47378778,보노하우스 세라비 우드상판 서랍장 라이트그레이 3단 1개,에센셜,320-A1-1-905,2026-04-16,2,0,0,0,2,normal,14.00,2,0.14,2,0.07,active
R212660780007,47566933,보노하우스 세라비 우드상판 서랍장 크림 4단 1개,에센셜,320-A1-1-906,2026-04-16,5,1,1,1,6,normal,70.00,1,0.07,6,0.20,active
R212660860015,47566935,보노하우스 세라비 우드상판 서랍장 화이트 4단 1개,에센셜,320-A1-1-907,2026-04-16,4,0,0,0,3,high,,0,0.00,3,0.10,active
R212660890018,47566938,보노하우스 세라비 우드상판 서랍장 라이트그레이 4단 1개,에센셜,320-A1-1-908,2026-04-16,4,0,0,0,0,normal,,0,0.00,0,0.00,active
R212660720001,47566927,보노하우스 세라비 우드상판 서랍장 크림 5단 1개,에센셜,320-A1-1-909,2026-04-16,4,0,0,0,1,high,,0,0.00,1,0.03,active
R212660850014,47566930,보노하우스 세라비 우드상판 서랍장 화이트 5단 1개,에센셜,320-A1-1-910,2026-04-16,9,1,1,1,7,high,,0,0.00,7,0.23,active
R227054790003,57174580,보노하우스 시에나 우드상판 서랍장 화이트 4단 1개 340X420X827mm,라탄,320-A1-1-884,2026-04-16,4,0,0,0,4,normal,56.00,1,0.07,4,0.13,active
R227054810005,57174582,보노하우스 시에나 우드상판 서랍장 화이트 5단 1개 340X420X1027mm,라탄,320-A1-1-885,2026-04-16,5,0,0,0,0,normal,,0,0.00,0,0.00,active
R208443850005,44969009,보노하우스 가든 라탄 서랍장 버터 4단 1개,라탄,320-A1-1-892,2026-04-16,4,0,0,0,0,normal,,0,0.00,0,0.00,active
R227054780002,57174579,보노하우스 시에나 우드상판 서랍장 크림 3단 1개 340X420X627mm,라탄,320-A1-1-893,2026-04-16,4,0,0,0,1,high,56.00,1,0.07,1,0.03,active
R227054800004,57174581,보노하우스 시에나 우드상판 서랍장 크림 4단 1개 340X420X827mm,라탄,320-A1-1-894,2026-04-16,12,0,0,0,1,high,,0,0.00,1,0.03,active
R227054820006,57174584,보노하우스 시에나 우드상판 서랍장 크림 5단 1개 340X420X1027mm,라탄,320-A1-1-895,2026-04-16,5,0,0,0,0,normal,,0,0.00,0,0.00,active
R212660750004,47378779,보노하우스 세라비 우드상판 서랍장 화이트 2단 1개,에센셜,320-A1-1-900,2026-04-16,4,0,0,0,0,normal,,0,0.00,0,0.00,active
R212660740003,47378777,보노하우스 세라비 우드상판 서랍장 크림 2단 1개,에센셜,320-A1-1-901,2026-04-16,3,0,0,0,0,normal,,0,0.00,0,0.00,active
R212660870016,47378781,보노하우스 세라비 우드상판 서랍장 라이트그레이 2단 1개,에센셜,320-A1-1-902,2026-04-16,3,0,0,0,0,normal,,0,0.00,0,0.00,active
R212660880017,47378780,보노하우스 세라비 우드상판 서랍장 화이트 3단 1개,에센셜,320-A1-1-903,2026-04-16,4,0,0,0,2,high,,0,0.00,2,0.07,active
R213276370001,47647035,보노하우스 라노보 우드상판 서랍장 버터 7단 1개,라탄,320-A1-1-876,2026-04-16,4,0,0,0,4,normal,,0,0.00,4,0.13,active
R213276390003,47647040,보노하우스 라노보 우드상판 서랍장 화이트 7단 1개,라탄,320-A1-1-877,2026-04-16,4,1,1,1,12,normal,56.00,1,0.07,12,0.40,active
R208070490014,44281557,보노하우스 위클리 서랍장 화이트 6단 1개,라탄,320-A1-1-878,2026-04-16,1,0,0,0,1,normal,,0,0.00,1,0.03,active
R208443820002,44969008,보노하우스 가든 라탄 서랍장 화이트 2단 1개,라탄,320-A1-1-880,2026-04-16,3,0,0,0,0,normal,,0,0.00,0,0.00,active
R208443810001,44969007,보노하우스 가든 라탄 서랍장 화이트 3단 1개,라탄,320-A1-1-881,2026-04-16,2,0,0,0,0,normal,,0,0.00,0,0.00,active
R208443830003,44969006,보노하우스 가든 라탄 서랍장 화이트 4단 1개,라탄,320-A1-1-882,2026-04-16,4,0,0,0,0,normal,,0,0.00,0,0.00,active
R227054770001,57174578,보노하우스 시에나 우드상판 서랍장 화이트 3단 1개 340X420X627mm,라탄,320-A1-1-883,2026-04-16,10,0,0,0,2,high,,0,0.00,2,0.07,active
R208443760006,44947936,보노하우스 라노보 우드상판 서랍장 버터 5단 1개,데코스,320-A1-1-856,2026-04-16,4,0,0,0,2,high,28.00,2,0.14,2,0.07,active
R208443770007,44947938,보노하우스 라노보 우드상판 서랍장 네이비 5단 1개,데코스,320-A1-1-857,2026-04-16,3,0,0,0,0,normal,,0,0.00,0,0.00,active
R208070550020,44281558,보노하우스 위클리 서랍장 그레이 6단 1개,데코스,320-A1-1-861,2026-04-16,1,0,0,0,2,normal,7.00,2,0.14,2,0.07,active
R208070450010,44281555,보노하우스 위클리 서랍장 네이비 6단 1개,데코스,320-A1-1-862,2026-04-16,4,0,0,0,0,normal,,0,0.00,0,0.00,active
R208070470012,44281556,보노하우스 위클리 서랍장 버터 6단 1개,데코스,320-A1-1-863,2026-04-16,4,0,0,0,0,normal,,0,0.00,0,0.00,active
R213276430007,47647048,보노하우스 라노보 우드상판 서랍장 그레이 6단 1개,데코스,320-A1-1-864,2026-04-16,1,0,0,0,0,normal,,0,0.00,0,0.00,active
R213276440008,47647049,보노하우스 라노보 우드상판 서랍장 버터 6단 1개,데코스,320-A1-1-866,2026-04-16,2,0,0,0,0,normal,,0,0.00,0,0.00,active
R213276380002,47647039,보노하우스 라노보 우드상판 서랍장 화이트 6단 1개,데코스,320-A1-1-867,2026-04-16,4,0,0,0,1,high,56.00,1,0.07,1,0.03,active
R213276400004,47647042,보노하우스 라노보 우드상판 서랍장 그레이 7단 1개,라탄,320-A1-1-874,2026-04-16,4,0,0,0,4,normal,56.00,1,0.07,4,0.13,active
R213276420006,47647047,보노하우스 라노보 우드상판 서랍장 네이비 7단 1개,라탄,320-A1-1-875,2026-04-16,5,0,0,0,1,high,,0,0.00,1,0.03,active
R208070510016,44281544,보노하우스 위클리 서랍장 그레이 4단 1개,데코스,320-A1-1-846,2026-04-16,4,0,0,0,3,high,28.00,2,0.14,3,0.10,active
R208070360001,44281538,보노하우스 위클리 서랍장 네이비 4단 1개,데코스,320-A1-1-847,2026-04-16,3,0,0,0,1,high,42.00,1,0.07,1,0.03,active
R208443750005,44947939,보노하우스 라노보 우드상판 서랍장 네이비 4단 1개,데코스,320-A1-1-848,2026-04-16,3,0,0,0,1,high,42.00,1,0.07,1,0.03,active
R208070380003,44281548,보노하우스 위클리 서랍장 화이트 5단 1개,데코스,320-A1-1-850,2026-04-16,4,0,0,0,2,high,,0,0.00,2,0.07,active
R208070390004,44281550,보노하우스 위클리 서랍장 네이비 5단 1개,데코스,320-A1-1-852,2026-04-16,3,0,0,0,0,normal,,0,0.00,0,0.00,active
R208070420007,44281553,보노하우스 위클리 서랍장 버터 5단 1개,데코스,320-A1-1-853,2026-04-16,4,0,0,0,4,normal,28.00,2,0.14,4,0.13,active
R208070440009,44281554,보노하우스 위클리 서랍장 그레이 5단 1개,데코스,320-A1-1-854,2026-04-16,4,0,0,0,0,normal,,0,0.00,0,0.00,active
R208443780008,44947940,보노하우스 라노보 우드상판 서랍장 화이트 5단 1개,데코스,320-A1-1-855,2026-04-16,4,0,0,0,1,high,,0,0.00,1,0.03,active
R208070280001,44365450,보노하우스 라노보 우드상판 서랍장  화이트 3단 1개,데코스,320-A1-1-835,2026-04-16,4,0,0,0,2,high,56.00,1,0.07,2,0.07,active
R208070330006,44365456,보노하우스 라노보 우드상판 서랍장  그레이 3단 1개,데코스,320-A1-1-836,2026-04-16,4,0,0,0,0,normal,,0,0.00,0,0.00,active
R208070300003,44365452,보노하우스 라노보 우드상판 서랍장  네이비 3단 1개,데코스,320-A1-1-837,2026-04-16,4,0,0,0,0,normal,,0,0.00,0,0.00,active
R208070310004,44365454,보노하우스 라노보 우드상판 서랍장  버터 3단 1개,데코스,320-A1-1-838,2026-04-16,1,0,0,0,2,normal,,0,0.00,2,0.07,active
R208070430008,44281542,보노하우스 위클리 서랍장 화이트 4단 1개,데코스,320-A1-1-840,2026-04-16,4,0,0,0,4,normal,,0,0.00,4,0.13,active
R208070540019,44281545,보노하우스 위클리 서랍장 버터 4단 1개,데코스,320-A1-1-843,2026-04-16,4,0,0,0,5,normal,28.00,2,0.14,5,0.17,active
R208443720002,44947933,보노하우스 라노보 우드상판 서랍장 그레이 4단 1개,데코스,320-A1-1-844,2026-04-16,5,0,0,0,0,normal,,0,0.00,0,0.00,active
R208443740004,44947937,보노하우스 라노보 우드상판 서랍장 화이트 4단 1개,데코스,320-A1-1-845,2026-04-16,9,0,0,0,0,normal,,0,0.00,0,0.00,active
R208070340007,44365455,보노하우스 라노보 우드상판 서랍장 화이트 2단 1개,데코스,320-A1-1-825,2026-04-16,1,0,0,0,2,normal,14.00,1,0.07,2,0.07,active
R208070320005,44365453,보노하우스 라노보 우드상판 서랍장  네이비 2단 1개,데코스,320-A1-1-827,2026-04-16,2,0,0,0,0,normal,,0,0.00,0,0.00,active
R208070410006,44281549,보노하우스 위클리 서랍장 화이트 3단 1개,데코스,320-A1-1-830,2026-04-16,9,0,0,0,3,high,126.00,1,0.07,3,0.10,active
R208070400005,44281547,보노하우스 위클리 서랍장 그레이 3단 1개,데코스,320-A1-1-831,2026-04-16,5,0,0,0,2,high,,0,0.00,2,0.07,active
R208070480013,44281551,보노하우스 위클리 서랍장 네이비 3단 1개,데코스,320-A1-1-832,2026-04-16,5,0,0,0,1,high,,0,0.00,1,0.03,active
R208070520017,44281552,보노하우스 위클리 서랍장 버터 3단 1개,데코스,320-A1-1-833,2026-04-16,15,1,1,1,10,high,210.00,1,0.07,10,0.33,active
R010512110007,17768668,가든 라탄 플라스틱 서랍장 일반형 6단 크림,에센셜,320-A1-1-812,2026-04-16,4,0,0,0,2,high,56.00,1,0.07,2,0.07,active
R207232130001,43999451,보노하우스 가든 라탄 서랍장  화이트 6단 1개,라탄,320-A1-1-813,2026-04-16,5,0,0,0,2,high,35.00,2,0.14,2,0.07,active
R207232160004,43999460,보노하우스 가든 라탄 서랍장  화이트 7단 1개,라탄,320-A1-1-815,2026-04-16,4,0,0,0,0,normal,,0,0.00,0,0.00,active
R207232150003,43999450,보노하우스 가든 라탄 서랍장  버터 7단 1개,라탄,320-A1-1-816,2026-04-16,4,0,0,0,0,normal,,0,0.00,0,0.00,active
R207232140002,43999462,보노하우스 가든 라탄 서랍장  버터 6단 1개,라탄,320-A1-1-817,2026-04-16,4,0,0,0,0,normal,,0,0.00,0,0.00,active
R208070530018,44281546,보노하우스 위클리 서랍장 버터 2단 1개,데코스,320-A1-1-819,2026-04-16,1,0,0,0,1,normal,,0,0.00,1,0.03,active
R208070460011,44281541,보노하우스 위클리 서랍장 화이트 2단 1개,데코스,320-A1-1-820,2026-04-16,4,0,0,0,1,high,,0,0.00,1,0.03,active
R208070370002,44281539,보노하우스 위클리 서랍장 그레이 2단 1개,데코스,320-A1-1-821,2026-04-16,4,0,0,0,0,normal,,0,0.00,0,0.00,active
R208070500015,44281543,보노하우스 위클리 서랍장 네이비 2단 1개,데코스,320-A1-1-822,2026-04-16,8,0,0,0,0,normal,,0,0.00,0,0.00,active
R227054850009,57174587,보노하우스 시에나 우드상판 서랍장 화이트 와이드 4단 1개 550X420X827mm,와이드 서랍장,320-A1-1-796,2026-04-16,12,2,2,2,18,normal,33.60,5,0.36,18,0.60,active
R227054860010,57174588,보노하우스 시에나 우드상판 서랍장 크림 와이드 4단 1개 550X420X827mm,와이드 서랍장,320-A1-1-797,2026-04-16,4,1,1,1,14,normal,9.33,6,0.43,14,0.47,active
R227054870011,57174589,보노하우스 시에나 우드상판 서랍장 화이트 와이드 5단 1개 550X420X1027mm,와이드 서랍장,320-A1-1-798,2026-04-16,29,2,2,2,19,high,81.20,5,0.36,19,0.63,active
R227054880012,57174590,보노하우스 시에나 우드상판 서랍장 크림 와이드 5단 1개 550X420X1027mm,와이드 서랍장,320-A1-1-799,2026-04-16,30,1,1,1,14,high,,0,0.00,14,0.47,active
R010512110002,17768670,가든 라탄 플라스틱 서랍장 일반형 2단 크림,에센셜,320-A1-1-800,2026-04-16,5,0,0,0,3,high,23.33,3,0.21,3,0.10,active
R009949680001,17077828,가든 라탄 플라스틱 서랍장 일반형 3단 크림,에센셜,320-A1-1-803,2026-04-16,4,0,0,0,0,normal,,0,0.00,0,0.00,active
R010512110005,17768674,가든 라탄 플라스틱 서랍장 일반형 4단 크림,에센셜,320-A1-1-806,2026-04-16,4,0,0,0,1,high,,0,0.00,1,0.03,active
R010512110003,17768671,가든 라탄 플라스틱 서랍장 일반형 5단 크림,에센셜,320-A1-1-809,2026-04-16,14,0,0,0,3,high,98.00,2,0.14,3,0.10,active
R207232170005,43999452,보노하우스 가든 라탄 서랍장  화이트 5단 1개,라탄,320-A1-1-810,2026-04-16,4,0,0,0,1,high,,0,0.00,1,0.03,active
R214219120005,48365316,보노하우스 에버 라탄 우드상판 서랍장 화이트 6단 1개,에센셜,320-A1-1-787,2026-04-16,3,0,0,0,0,normal,,0,0.00,0,0.00,active
R214219220015,48365320,보노하우스 에버 라탄 우드상판 서랍장 브라운 6단 1개,에센셜,320-A1-1-788,2026-04-16,4,0,0,0,0,normal,,0,0.00,0,0.00,active
R214219090002,48365311,보노하우스 에버 라탄 우드상판 서랍장 버터 6단 1개,에센셜,320-A1-1-789,2026-04-16,4,0,0,0,0,normal,,0,0.00,0,0.00,active
R214219250018,48365317,보노하우스 에버 라탄 우드상판 서랍장 크림 7단 1개,에센셜,320-A1-1-790,2026-04-16,2,0,0,0,0,normal,,0,0.00,0,0.00,active
R214219140007,48365313,보노하우스 에버 라탄 우드상판 서랍장 화이트 7단 1개,에센셜,320-A1-1-791,2026-04-16,2,0,0,0,0,normal,,0,0.00,0,0.00,active
R214219110004,48365310,보노하우스 에버 라탄 우드상판 서랍장 브라운 7단 1개,에센셜,320-A1-1-792,2026-04-16,3,0,0,0,1,high,42.00,1,0.07,1,0.03,active
R214219230016,48365315,보노하우스 에버 라탄 우드상판 서랍장 버터 7단 1개,에센셜,320-A1-1-793,2026-04-16,3,0,0,0,0,normal,,0,0.00,0,0.00,active
R227054830007,57174585,보노하우스 시에나 우드상판 서랍장 화이트 와이드 3단 1개 550X420X627mm,와이드 서랍장,320-A1-1-794,2026-04-16,16,1,1,1,12,high,56.00,4,0.29,12,0.40,active
R227054840008,57174586,보노하우스 시에나 우드상판 서랍장 크림 와이드 3단 1개 550X420X627mm,와이드 서랍장,320-A1-1-795,2026-04-16,22,1,1,1,7,high,154.00,2,0.14,7,0.23,active
R214219300023,48365307,보노하우스 에버 라탄 우드상판 서랍장 화이트 4단 1개,에센셜,320-A1-1-779,2026-04-16,4,0,0,0,2,high,,0,0.00,2,0.07,active
R214219130006,48365305,보노하우스 에버 라탄 우드상판 서랍장 브라운 4단 1개,에센셜,320-A1-1-780,2026-04-16,4,0,0,0,1,high,,0,0.00,1,0.03,active
R214219210014,48365319,보노하우스 에버 라탄 우드상판 서랍장 크림 5단 1개,에센셜,320-A1-1-782,2026-04-16,4,0,0,0,1,high,56.00,1,0.07,1,0.03,active
R214219280021,48365321,보노하우스 에버 라탄 우드상판 서랍장 화이트 5단 1개,에센셜,320-A1-1-783,2026-04-16,1,0,0,0,0,normal,,0,0.00,0,0.00,active
R214219160009,48365312,보노하우스 에버 라탄 우드상판 서랍장 브라운 5단 1개,에센셜,320-A1-1-784,2026-04-16,5,0,0,0,1,high,,0,0.00,1,0.03,active
R214219170010,48365314,보노하우스 에버 라탄 우드상판 서랍장 버터 5단 1개,에센셜,320-A1-1-785,2026-04-16,4,0,0,0,1,high,,0,0.00,1,0.03,active
R214219200013,48365318,보노하우스 에버 라탄 우드상판 서랍장 크림 6단 1개,에센셜,320-A1-1-786,2026-04-16,6,0,0,0,0,normal,,0,0.00,0,0.00,active
R214219270020,48357938,보노하우스 에버 라탄 우드상판 서랍장 화이트 2단 1개,에센셜,320-A1-1-771,2026-04-16,4,0,0,0,0,normal,,0,0.00,0,0.00,active
R214219180011,48357934,보노하우스 에버 라탄 우드상판 서랍장 브라운 2단 1개,에센셜,320-A1-1-772,2026-04-16,4,0,0,0,0,normal,,0,0.00,0,0.00,active
R214219310024,48357939,보노하우스 에버 라탄 우드상판 서랍장 버터 2단 1개,에센셜,320-A1-1-773,2026-04-16,4,0,0,0,2,high,56.00,1,0.07,2,0.07,active
R214219150008,48357933,보노하우스 에버 라탄 우드상판 서랍장 크림 3단 1개,에센셜,320-A1-1-774,2026-04-16,4,0,0,0,0,normal,,0,0.00,0,0.00,active
R214219290022,48357937,보노하우스 에버 라탄 우드상판 서랍장 화이트 3단 1개,에센셜,320-A1-1-775,2026-04-16,4,0,0,0,0,normal,,0,0.00,0,0.00,active
R214219240017,48357935,보노하우스 에버 라탄 우드상판 서랍장 브라운 3단 1개,에센셜,320-A1-1-776,2026-04-16,4,0,0,0,0,normal,,0,0.00,0,0.00,active
R214219100003,48357932,보노하우스 에버 라탄 우드상판 서랍장 버터 3단 1개,에센셜,320-A1-1-777,2026-04-16,2,0,0,0,0,normal,,0,0.00,0,0.00,active
R214219080001,48365304,보노하우스 에버 라탄 우드상판 서랍장 크림 4단 1개,에센셜,320-A1-1-778,2026-04-16,4,0,0,0,3,high,18.67,3,0.21,3,0.10,active
R011671310001,20967929,보노하우스 가든 라탄 와이드 6단 서랍장 브라운 1개,와이드 서랍장,320-A1-1-763,2026-04-16,15,1,1,1,8,high,42.00,5,0.36,8,0.27,active
R011622510002,20810284,보노하우스 심플리 와이드 서랍장 6단 라이트 그레이 1개,와이드 서랍장,320-A1-1-764,2026-04-16,5,0,0,0,1,high,,0,0.00,1,0.03,active
R206610750004,42905716,보노하우스 가든 라탄 서랍장 와이드  화이트 6단 1개,와이드 서랍장,320-A1-1-765,2026-04-16,6,2,2,2,20,normal,16.80,5,0.36,20,0.67,active
R206610730002,42905712,보노하우스 가든 라탄 서랍장 와이드  버터 6단 1개,와이드 서랍장,320-A1-1-766,2026-04-16,4,0,0,0,4,normal,56.00,1,0.07,4,0.13,active
R212660610005,47565665,보노하우스 세라비 우드상판 와이드 서랍장 크림 6단 1개,와이드 서랍장,320-A1-1-767,2026-04-16,9,1,1,1,13,normal,31.50,4,0.29,13,0.43,active
R212660640008,47565666,보노하우스 세라비 우드상판 와이드 서랍장 화이트 6단 1개,와이드 서랍장,320-A1-1-768,2026-04-16,7,3,3,3,34,normal,8.17,12,0.86,34,1.13,active
R212660670011,47565667,보노하우스 세라비 우드상판 와이드 서랍장 라이트그레이 6단 1개,와이드 서랍장,320-A1-1-769,2026-04-16,4,0,0,0,5,normal,56.00,1,0.07,5,0.17,active
R214219190012,48357936,보노하우스 에버 라탄 우드상판 서랍장 크림 2단 1개,에센셜,320-A1-1-770,2026-04-16,4,0,0,0,5,normal,56.00,1,0.07,5,0.17,active
R206610790008,42905717,보노하우스 가든 라탄 서랍장 와이드  버터 5단 1개,와이드 서랍장,320-A1-1-756,2026-04-16,4,0,0,0,1,high,56.00,1,0.07,1,0.03,active
R212660590003,47565660,보노하우스 세라비 우드상판 와이드 서랍장 크림 5단 1개,와이드 서랍장,320-A1-1-757,2026-04-16,4,1,1,1,10,normal,18.67,3,0.21,10,0.33,active
R212660660010,47565662,보노하우스 세라비 우드상판 와이드 서랍장 화이트 5단 1개,와이드 서랍장,320-A1-1-758,2026-04-16,4,2,2,2,20,normal,11.20,5,0.36,20,0.67,active
R212660570001,47565658,보노하우스 세라비 우드상판 와이드 서랍장 라이트그레이 5단 1개,와이드 서랍장,320-A1-1-759,2026-04-16,4,0,0,0,3,high,28.00,2,0.14,3,0.10,active
R011643590001,20920670,보노하우스 가든 라탄 와이드 6단 서랍장 크림 1개,와이드 서랍장,320-A1-1-760,2026-04-16,30,2,2,2,20,high,,0,0.00,20,0.67,active
R011622510001,20810283,보노하우스 심플리 와이드 서랍장 6단 크림 1개,와이드 서랍장,320-A1-1-761,2026-04-16,4,0,0,0,3,high,56.00,1,0.07,3,0.10,active
R011622510003,20810285,보노하우스 심플리 와이드 서랍장 6단 화이트 1개,와이드 서랍장,320-A1-1-762,2026-04-16,8,2,2,2,25,normal,12.44,9,0.64,25,0.83,active
R212660650009,47565663,보노하우스 세라비 우드상판 와이드 서랍장 라이트그레이 4단 1개,와이드 서랍장,320-A1-1-749,2026-04-16,4,0,0,0,3,high,28.00,2,0.14,3,0.10,active
R012950190002,26675903,보노하우스 가든 라탄 와이드 5단 서랍장  크림 1개,와이드 서랍장,320-A1-1-750,2026-04-16,15,1,1,1,9,high,70.00,3,0.21,9,0.30,active
R012950110001,26675042,보노하우스 가든 라탄 와이드 5단 서랍장 크림 1개,와이드 서랍장,320-A1-1-750,2026-04-16,10,1,1,1,13,normal,28.00,5,0.36,13,0.43,active
R011622220001,20802505,보노하우스 심플리 와이드 서랍장 5단  크림 1개,와이드 서랍장,320-A1-1-751,2026-04-16,3,0,0,0,2,high,42.00,1,0.07,2,0.07,active
R011622220003,20802507,보노하우스 심플리 와이드 서랍장 5단  화이트 1개,와이드 서랍장,320-A1-1-752,2026-04-16,18,2,2,2,16,high,36.00,7,0.50,16,0.53,active
R012950190001,26675902,보노하우스 가든 라탄 와이드 5단 서랍장  브라운 1개,와이드 서랍장,320-A1-1-753,2026-04-16,11,0,0,0,4,high,,0,0.00,4,0.13,active
R011622220002,20802506,보노하우스 심플리 와이드 서랍장 5단  라이트 그레이 1개,와이드 서랍장,320-A1-1-754,2026-04-16,4,0,0,0,2,high,28.00,2,0.14,2,0.07,active
R206610760005,42905713,보노하우스 가든 라탄 서랍장 와이드  화이트 5단 1개,와이드 서랍장,320-A1-1-755,2026-04-16,3,0,0,0,5,normal,21.00,2,0.14,5,0.17,active
R011670060002,21008703,보노하우스 가든 라탄 와이드 4단 서랍장 크림 1개,와이드 서랍장,320-A1-1-740,2026-04-16,10,0,0,0,5,high,140.00,1,0.07,5,0.17,active
R011622550001,20792428,보노하우스 심플리 와이드 서랍장 4단 크림 1개,와이드 서랍장,320-A1-1-741,2026-04-16,4,0,0,0,1,high,,0,0.00,1,0.03,active
R011622550003,20792430,보노하우스 심플리 와이드 서랍장 4단 화이트 1개,와이드 서랍장,320-A1-1-742,2026-04-16,5,2,2,2,19,normal,14.00,5,0.36,19,0.63,active
R011670060001,21034774,보노하우스 가든 라탄 와이드 4단 서랍장 브라운 1개,와이드 서랍장,320-A1-1-743,2026-04-16,17,1,1,1,6,high,119.00,2,0.14,6,0.20,active
R011622550002,20792429,보노하우스 심플리 와이드 서랍장 4단 라이트 그레이 1개,와이드 서랍장,320-A1-1-744,2026-04-16,10,1,1,1,7,high,70.00,2,0.14,7,0.23,active
R206610770006,42905715,보노하우스 가든 라탄 서랍장 와이드  화이트 4단 1개,와이드 서랍장,320-A1-1-745,2026-04-16,8,0,0,0,1,high,,0,0.00,1,0.03,active
R206610720001,42905710,보노하우스 가든 라탄 서랍장 와이드  버터 4단 1개,와이드 서랍장,320-A1-1-746,2026-04-16,11,0,0,0,0,normal,,0,0.00,0,0.00,active
R212660620006,47565661,보노하우스 세라비 우드상판 와이드 서랍장 크림 4단 1개,와이드 서랍장,320-A1-1-747,2026-04-16,5,1,1,1,7,normal,23.33,3,0.21,7,0.23,active
R212660580002,47565659,보노하우스 세라비 우드상판 와이드 서랍장 화이트 4단 1개,와이드 서랍장,320-A1-1-748,2026-04-16,7,3,3,3,30,normal,7.00,14,1.00,30,1.00,active
R011622500003,20811044,보노하우스 심플리 와이드 서랍장 3단 화이트 1개,와이드 서랍장,320-A1-1-732,2026-04-16,19,3,3,3,28,normal,22.17,12,0.86,28,0.93,active
R011670300001,20965292,보노하우스 가든 라탄 와이드 3단 서랍장 브라운 1개,와이드 서랍장,320-A1-1-733,2026-04-16,8,1,1,1,10,normal,18.67,6,0.43,10,0.33,active
R011622500002,20811043,보노하우스 심플리 와이드 서랍장 3단 라이트 그레이 1개,와이드 서랍장,320-A1-1-734,2026-04-16,23,0,0,0,3,high,,0,0.00,3,0.10,active
R206610740003,42905711,보노하우스 가든 라탄 서랍장 와이드  화이트 3단 1개,와이드 서랍장,320-A1-1-735,2026-04-16,3,0,0,0,2,high,42.00,1,0.07,2,0.07,active
R206610780007,42905714,보노하우스 가든 라탄 서랍장 와이드  버터 3단 1개,와이드 서랍장,320-A1-1-736,2026-04-16,5,0,0,0,1,high,,0,0.00,1,0.03,active
R212660630007,47378492,보노하우스 세라비 우드상판 와이드 서랍장 크림 3단 1개,와이드 서랍장,320-A1-1-737,2026-04-16,4,1,1,1,6,normal,18.67,3,0.21,6,0.20,active
R212660710015,47378510,보노하우스 세라비 우드상판 와이드 서랍장 화이트 3단 1개,와이드 서랍장,320-A1-1-738,2026-04-16,8,1,1,1,9,normal,,0,0.00,9,0.30,active
R212660690013,47378506,보노하우스 세라비 우드상판 와이드 서랍장 라이트그레이 3단 1개,와이드 서랍장,320-A1-1-739,2026-04-16,4,0,0,0,0,normal,,0,0.00,0,0.00,active
R011622230003,20791730,보노하우스 심플리 와이드 서랍장 2단 화이트 1개,와이드 서랍장,320-A1-1-722,2026-04-16,41,1,1,1,12,high,95.67,6,0.43,12,0.40,active
R011670360001,20967824,보노하우스 가든 라탄 와이드 2단 서랍장 브라운 1개,와이드 서랍장,320-A1-1-723,2026-04-16,23,1,1,1,6,high,,0,0.00,6,0.20,active
R011622230002,20791729,보노하우스 심플리 와이드 서랍장 2단 라이트 그레이 1개,와이드 서랍장,320-A1-1-724,2026-04-16,7,0,0,0,1,high,98.00,1,0.07,1,0.03,active
R212660700014,47378511,보노하우스 세라비 우드상판 와이드 서랍장 크림 2단 1개,와이드 서랍장,320-A1-1-727,2026-04-16,4,0,0,0,4,normal,18.67,3,0.21,4,0.13,active
R212660600004,47378493,보노하우스 세라비 우드상판 와이드 서랍장 화이트 2단 1개,와이드 서랍장,320-A1-1-728,2026-04-16,4,2,2,2,19,normal,14.00,4,0.29,19,0.63,active
R212660680012,47378508,보노하우스 세라비 우드상판 와이드 서랍장 라이트그레이 2단 1개,와이드 서랍장,320-A1-1-729,2026-04-16,4,0,0,0,0,normal,,0,0.00,0,0.00,active
R011670300002,20965293,보노하우스 가든 라탄 와이드 3단 서랍장 크림 1개,와이드 서랍장,320-A1-1-730,2026-04-16,13,0,0,0,5,high,91.00,2,0.14,5,0.17,active
R011622500001,20811042,보노하우스 심플리 와이드 서랍장 3단 크림 1개,와이드 서랍장,320-A1-1-731,2026-04-16,22,0,0,0,0,normal,,0,0.00,0,0.00,active
R214219320001,48381150,보노하우스 에버 라탄 우드상판 와이드 서랍장 화이트 3단 1개,와이드 서랍장,320-A1-1-707,2026-04-16,4,0,0,0,0,normal,,0,0.00,0,0.00,active
R214219330002,48427649,보노하우스 에버 라탄 우드상판 와이드 서랍장  크림 4단 1개,와이드 서랍장,320-A1-1-710,2026-04-16,2,0,0,0,0,normal,,0,0.00,0,0.00,active
R214219450014,48427656,보노하우스 에버 라탄 우드상판 와이드 서랍장  화이트 4단 1개,와이드 서랍장,320-A1-1-711,2026-04-16,3,1,1,1,6,normal,42.00,1,0.07,6,0.20,active
R214219500019,48427660,보노하우스 에버 라탄 우드상판 와이드 서랍장  버터 5단 1개,와이드 서랍장,320-A1-1-712,2026-04-16,4,0,0,0,0,normal,,0,0.00,0,0.00,active
R214219490018,48427659,보노하우스 에버 라탄 우드상판 와이드 서랍장  브라운 5단 1개,와이드 서랍장,320-A1-1-713,2026-04-16,4,0,0,0,3,high,28.00,2,0.14,3,0.10,active
R214219510020,48427661,보노하우스 에버 라탄 우드상판 와이드 서랍장  크림 5단 1개,와이드 서랍장,320-A1-1-714,2026-04-16,4,0,0,0,2,high,,0,0.00,2,0.07,active
R214219380007,48427658,보노하우스 에버 라탄 우드상판 와이드 서랍장  화이트 5단 1개,와이드 서랍장,320-A1-1-715,2026-04-16,1,0,0,0,2,normal,,0,0.00,2,0.07,active
R214219440013,48427655,보노하우스 에버 라탄 우드상판 와이드 서랍장  브라운 6단 1개,와이드 서랍장,320-A1-1-717,2026-04-16,3,0,0,0,2,high,42.00,1,0.07,2,0.07,active
R214219360005,48427650,보노하우스 에버 라탄 우드상판 와이드 서랍장  화이트 6단 1개,와이드 서랍장,320-A1-1-719,2026-04-16,4,0,0,0,1,high,56.00,1,0.07,1,0.03,active
R011670360002,20967825,보노하우스 가든 라탄 와이드 2단 서랍장 크림 1개,와이드 서랍장,320-A1-1-720,2026-04-16,9,1,1,1,6,high,42.00,3,0.21,6,0.20,active
R011622230001,20791728,보노하우스 심플리 와이드 서랍장 2단 크림 1개,와이드 서랍장,320-A1-1-721,2026-04-16,24,0,0,0,0,normal,,0,0.00,0,0.00,active
R246905790009,69013970,보노하우스 워크박스 부품 공구 수납함 블루 6개 15.5 x 23.5 x 11.2 cm,이유 정리함,320-A1-1-697,2026-04-16,9,4,4,4,41,normal,7.00,18,1.29,41,1.37,active
R246905810011,69013973,보노하우스 워크박스 부품 공구 수납함 레드 9개 15.5 x 23.5 x 11.2 cm,이유 정리함,320-A1-1-698,2026-04-16,70,17,17,17,172,normal,10.77,91,6.50,172,5.73,active
R246905820012,69013974,보노하우스 워크박스 부품 공구 수납함 블루 9개 15.5 x 23.5 x 11.2 cm,이유 정리함,320-A1-1-699,2026-04-16,58,17,17,17,167,normal,9.90,82,5.86,167,5.57,active
R214219420011,48381153,보노하우스 에버 라탄 우드상판 와이드 서랍장 버터 2단 1개,와이드 서랍장,320-A1-1-700,2026-04-16,4,0,0,0,0,normal,,0,0.00,0,0.00,active
R214219460015,48381155,보노하우스 에버 라탄 우드상판 와이드 서랍장 브라운 2단 1개,와이드 서랍장,320-A1-1-701,2026-04-16,4,0,0,0,0,normal,,0,0.00,0,0.00,active
R214219390008,48381151,보노하우스 에버 라탄 우드상판 와이드 서랍장 크림 2단 1개,와이드 서랍장,320-A1-1-702,2026-04-16,3,0,0,0,1,high,42.00,1,0.07,1,0.03,active
R214219480017,48381157,보노하우스 에버 라탄 우드상판 와이드 서랍장 화이트 2단 1개,와이드 서랍장,320-A1-1-703,2026-04-16,1,0,0,0,0,normal,,0,0.00,0,0.00,active
R214219350004,48381152,보노하우스 에버 라탄 우드상판 와이드 서랍장 버터 3단 1개,기타,320-A1-1-704,2026-04-16,1,0,0,0,0,normal,,0,0.00,0,0.00,active
R214219410010,48381154,보노하우스 에버 라탄 우드상판 와이드 서랍장 브라운 3단 1개,와이드 서랍장,320-A1-1-705,2026-04-16,4,0,0,0,1,high,56.00,1,0.07,1,0.03,active
R214219470016,48381156,보노하우스 에버 라탄 우드상판 와이드 서랍장 크림 3단 1개,와이드 서랍장,320-A1-1-706,2026-04-16,3,0,0,0,1,high,,0,0.00,1,0.03,active
R013022860002,26650824,보노하우스 템바보드 서랍장 5단 그레이,모던 플러스,320-A1-1-672,2026-04-16,56,5,5,5,49,high,46.12,17,1.21,49,1.63,active
R222633110014,54047059,보노하우스 라탄플러스 우드상판 서랍장 그레이 6단 1개 562mm,모던 플러스,320-A1-1-673,2026-04-16,5,2,2,2,16,normal,8.75,8,0.57,16,0.53,active
R222633120015,54047060,보노하우스 라탄플러스 우드상판 서랍장 딥그린 6단 1개 562mm,모던 플러스,320-A1-1-674,2026-04-16,9,1,1,1,9,normal,31.50,4,0.29,9,0.30,active
R246905800010,69013972,보노하우스 워크박스 부품 공구 수납함 옐로우 9개 15.5 x 23.5 x 11.2 cm,이유 정리함,320-A1-1-690,2026-04-16,80,24,24,24,238,normal,8.75,128,9.14,238,7.93,active
R246905720002,69013961,보노하우스 워크박스 부품 공구 수납함 레드 2개 15.5 x 23.5 x 11.2 cm,이유 정리함,320-A1-1-691,2026-04-16,4,1,1,1,13,normal,11.20,5,0.36,13,0.43,active
R246905730003,69013962,보노하우스 워크박스 부품 공구 수납함 블루 2개 15.5 x 23.5 x 11.2 cm,이유 정리함,320-A1-1-692,2026-04-16,5,2,2,2,23,normal,14.00,5,0.36,23,0.77,active
R246905740004,69013963,보노하우스 워크박스 부품 공구 수납함 옐로우 4개 15.5 x 23.5 x 11.2 cm,이유 정리함,320-A1-1-693,2026-04-16,14,4,4,4,45,normal,10.32,19,1.36,45,1.50,active
R246905750005,69013964,보노하우스 워크박스 부품 공구 수납함 레드 4개 15.5 x 23.5 x 11.2 cm,이유 정리함,320-A1-1-694,2026-04-16,15,5,5,5,51,normal,10.50,20,1.43,51,1.70,active
R246905770007,69013968,보노하우스 워크박스 부품 공구 수납함 옐로우 6개 15.5 x 23.5 x 11.2 cm,이유 정리함,320-A1-1-695,2026-04-16,106,29,29,29,292,normal,11.78,126,9.00,292,9.73,active
R246905780008,69013969,보노하우스 워크박스 부품 공구 수납함 레드 6개 15.5 x 23.5 x 11.2 cm,이유 정리함,320-A1-1-696,2026-04-16,9,3,3,3,30,normal,8.40,15,1.07,30,1.00,active
R222633000003,54047046,보노하우스 라탄플러스 우드상판 서랍장 딥그린 2단 1개 562mm,모던 플러스,320-A1-1-662,2026-04-16,20,0,0,0,3,high,280.00,1,0.07,3,0.10,active
R000150580013,2125221,모던플러스 3단 화이트,모던 플러스,320-A1-1-663,2026-04-16,26,1,1,1,14,high,72.80,5,0.36,14,0.47,active
R222633020005,54047048,보노하우스 라탄플러스 우드상판 서랍장 그레이 3단 1개 562mm,모던 플러스,320-A1-1-664,2026-04-16,11,1,1,1,11,normal,17.11,9,0.64,11,0.37,active
R222633030006,54047049,보노하우스 라탄플러스 우드상판 서랍장 딥그린 3단 1개 562mm,모던 플러스,320-A1-1-665,2026-04-16,14,1,1,1,8,high,65.33,3,0.21,8,0.27,active
R000150580028,2125236,뉴모던플러스 우드형상판 4단 화이트,모던 플러스,320-A1-1-666,2026-04-16,18,4,4,4,43,normal,14.82,17,1.21,43,1.43,active
R222633050008,54047051,보노하우스 라탄플러스 우드상판 서랍장 그레이 4단 1개 562mm,모던 플러스,320-A1-1-667,2026-04-16,15,2,2,2,22,normal,16.15,13,0.93,22,0.73,active
R222633060009,54047052,보노하우스 라탄플러스 우드상판 서랍장 딥그린 4단 1개 562mm,모던 플러스,320-A1-1-668,2026-04-16,19,1,1,1,7,high,88.67,3,0.21,7,0.23,active
R013022780002,26650596,보노하우스 템바보드 서랍장 4단 그레이,모던 플러스,320-A1-1-669,2026-04-16,20,4,4,4,45,normal,14.00,20,1.43,45,1.50,active
R222633080011,54047055,보노하우스 라탄플러스 우드상판 서랍장 그레이 5단 1개 562mm,모던 플러스,320-A1-1-670,2026-04-16,15,2,2,2,21,normal,23.33,9,0.64,21,0.70,active
R222633090012,54047056,보노하우스 라탄플러스 우드상판 서랍장 딥그린 5단 1개 562mm,모던 플러스,320-A1-1-671,2026-04-16,12,1,1,1,10,high,42.00,4,0.29,10,0.33,active
R016092800008,38303474,보노하우스 모나코 우드상판 서랍장 핑크 3단 1개,모던 플러스,320-A1-1-649,2026-04-16,2,0,0,0,1,high,28.00,1,0.07,1,0.03,active
R000538800012,3094768,Box_모던초대형해피박스_네이비_4개,초대형,320-A1-1-654,2026-04-16,14,0,0,0,2,high,,0,0.00,2,0.07,active
R000538800013,3094769,Box_모던초대형해피박스_바이올렛_4개,초대형,320-A1-1-655,2026-04-16,4,0,0,0,2,high,,0,0.00,2,0.07,active
R000538800015,3094771,Box_모던초대형해피박스_아이보리_4개,초대형,320-A1-1-656,2026-04-16,5,2,2,2,17,normal,10.00,7,0.50,17,0.57,active
R000538800014,3094770,Box_모던초대형해피박스_블루_4개,초대형,320-A1-1-657,2026-04-16,8,0,0,0,0,normal,,0,0.00,0,0.00,active
R000538800010,3094766,Box_모던초대형해피박스_아이보리_3개,초대형,320-A1-1-658,2026-04-16,13,1,1,1,8,high,36.40,5,0.36,8,0.27,active
R222632980001,54047044,보노하우스 라탄플러스 우드상판 서랍장 모던 화이트 2단 1개 562mm,모던 플러스,320-A1-1-660,2026-04-16,42,4,4,4,35,high,42.00,14,1.00,35,1.17,active
R222632990002,54047045,보노하우스 라탄플러스 우드상판 서랍장 그레이 2단 1개 562mm,모던 플러스,320-A1-1-661,2026-04-16,17,1,1,1,10,high,238.00,1,0.07,10,0.33,active
R011056720001,19107178,보노하우스 이노스 우드상판형 투명 서랍장 4단 화이트 오크 1개,모던 플러스,320-A1-1-634,2026-04-16,5,0,0,0,1,high,70.00,1,0.07,1,0.03,active
R011103150001,19306345,보노하우스 이노스 우드상판형 투명 서랍장 5단 화이트 오크1개,모던 플러스,320-A1-1-635,2026-04-16,4,0,0,0,1,high,56.00,1,0.07,1,0.03,active
R004498740001,11502394,키즈플러스 내츄럴오크 상판 4단 서랍장,모던 플러스,320-A1-1-636,2026-04-16,5,0,0,0,2,high,,0,0.00,2,0.07,active
R001162470006,4291633,블랑 모던 서랍장 5단 투명,모던 플러스,320-A1-1-637,2026-04-16,4,0,0,0,1,high,,0,0.00,1,0.03,active
R016092800002,38303475,보노하우스 모나코 우드상판 서랍장 화이트 5단 1개,모던 플러스,320-A1-1-638,2026-04-16,1,0,0,0,0,normal,,0,0.00,0,0.00,active
R016092800001,38303473,보노하우스 모나코 우드상판 서랍장 버터 5단 1개,모던 플러스,320-A1-1-640,2026-04-16,3,0,0,0,0,normal,,0,0.00,0,0.00,active
R016092800006,38303470,보노하우스 모나코 우드상판 서랍장 화이트 4단 1개,모던 플러스,320-A1-1-642,2026-04-16,4,0,0,0,0,normal,,0,0.00,0,0.00,active
R016092800003,38303467,보노하우스 모나코 우드상판 서랍장 그레이 4단 1개,모던 플러스,320-A1-1-643,2026-04-16,1,0,0,0,0,normal,,0,0.00,0,0.00,active
R016092800004,38303468,보노하우스 모나코 우드상판 서랍장 핑크 4단 1개,모던 플러스,320-A1-1-645,2026-04-16,4,0,0,0,2,high,28.00,2,0.14,2,0.07,active
R016092800010,38303476,보노하우스 모나코 우드상판 서랍장 버터 3단 1개,모던 플러스,320-A1-1-648,2026-04-16,2,0,0,0,0,normal,,0,0.00,0,0.00,active
R000150580036,2125244,뉴모던플러스 우드형상판 5단 라이트블루,모던 플러스,320-A1-1-622,2026-04-16,6,1,1,1,9,normal,28.00,3,0.21,9,0.30,active
R000150580038,2125246,뉴모던플러스 우드형상판 5단 옐로우,모던 플러스,320-A1-1-623,2026-04-16,4,1,1,1,6,normal,56.00,1,0.07,6,0.20,active
1000000095463,332678,해피플러스3단-우드형상판(화이트) 캐릭터컬러랜덤 550*400*610mm,모던 플러스,320-A1-1-624,2026-04-16,1,0,0,0,0,normal,,0,0.00,0,0.00,active
R015858080002,37238643,보노하우스 블랙코드 우드상판 서랍장 4단 1개,모던 플러스,320-A1-1-627,2026-04-16,4,0,0,0,0,normal,,0,0.00,0,0.00,active
R015858080003,37155491,보노하우스 블랙코드 우드상판 서랍장 3단 1개,모던 플러스,320-A1-1-628,2026-04-16,5,0,0,0,1,high,,0,0.00,1,0.03,active
R015858080004,37155492,보노하우스 블랙코드 우드상판 서랍장 2단 1개,모던 플러스,320-A1-1-629,2026-04-16,6,0,0,0,1,high,,0,0.00,1,0.03,active
R011056720002,19107179,보노하우스 이노스 우드상판형 투명 서랍장 4단 내추럴 오크 1개,모던 플러스,320-A1-1-631,2026-04-16,11,0,0,0,1,high,,0,0.00,1,0.03,active
R011103150002,19306346,보노하우스 이노스 우드상판형 투명 서랍장 5단 내츄럴오크 1개,모던 플러스,320-A1-1-632,2026-04-16,4,1,1,1,12,normal,7.00,8,0.57,12,0.40,active
R000150580034,2125242,뉴모던플러스 우드형상판 5단 바이올렛,모던 플러스,320-A1-1-613,2026-04-16,9,1,1,1,14,normal,25.20,5,0.36,14,0.47,active
R000150580041,2125249,모던플러스 5단 화이트,모던 플러스,320-A1-1-614,2026-04-16,8,2,2,2,15,normal,28.00,4,0.29,15,0.50,active
R000150580032,2125240,뉴모던플러스 우드형상판 5단 레인보우,모던 플러스,320-A1-1-615,2026-04-16,4,1,1,1,6,normal,18.67,3,0.21,6,0.20,active
R004498740002,11502401,키즈플러스 화이트오크 상판 5단 서랍장,모던 플러스,320-A1-1-616,2026-04-16,9,0,0,0,2,high,126.00,1,0.07,2,0.07,active
R013022780001,26650595,보노하우스 템바보드 서랍장 4단 모던핑크,모던 플러스,320-A1-1-617,2026-04-16,19,4,4,4,39,normal,20.46,13,0.93,39,1.30,active
R013022310002,26647002,보노하우스 카밀라 템바보드 서랍장 3단 그레이,모던 플러스,320-A1-1-618,2026-04-16,20,2,2,2,22,normal,31.11,9,0.64,22,0.73,active
R013022310003,26647003,보노하우스 카밀라 템바보드 서랍장 3단 네이비,모던 플러스,320-A1-1-619,2026-04-16,13,1,1,1,12,high,91.00,2,0.14,12,0.40,active
R013022310001,26647001,보노하우스 카밀라 템바보드 서랍장 3단 모던핑크,모던 플러스,320-A1-1-620,2026-04-16,18,3,3,3,33,normal,31.50,8,0.57,33,1.10,active
R000150580030,2125238,뉴모던플러스 우드형상판 5단 라임그린,모던 플러스,320-A1-1-621,2026-04-16,4,0,0,0,2,high,28.00,2,0.14,2,0.07,active
R205947070006,42207582,보노하우스 카밀라 템바보드 서랍장 버터 5단 1개,모던 플러스,320-A1-1-600,2026-04-16,24,4,4,4,45,normal,22.40,15,1.07,45,1.50,active
R205947030002,42207579,보노하우스 카밀라 템바보드 서랍장 딥 그린 5단 1개,모던 플러스,320-A1-1-601,2026-04-16,46,19,19,19,186,normal,9.20,70,5.00,186,6.20,active
R205947050004,42207583,보노하우스 카밀라 템바보드 서랍장 버터 4단 1개,모던 플러스,320-A1-1-602,2026-04-16,10,2,2,2,15,normal,35.00,4,0.29,15,0.50,active
R205947020001,42207580,보노하우스 카밀라 템바보드 서랍장 딥 그린 4단 1개,모던 플러스,320-A1-1-603,2026-04-16,36,20,20,20,203,normal,5.79,87,6.21,203,6.77,active
R205947060005,42207585,보노하우스 카밀라 템바보드 서랍장 버터 3단 1개,모던 플러스,320-A1-1-604,2026-04-16,14,1,1,1,6,high,65.33,3,0.21,6,0.20,active
R205947040003,42207581,보노하우스 카밀라 템바보드 서랍장 딥 그린 3단 1개,모던 플러스,320-A1-1-605,2026-04-16,16,8,8,8,81,normal,5.46,41,2.93,81,2.70,active
R016233030002,39125877,보노하우스 모던플러스 내추럴오크 우드상판 서랍장 라이트그레이 5단 1개,모던 플러스,320-A1-1-606,2026-04-16,6,2,2,2,25,normal,7.00,12,0.86,25,0.83,active
R016233030001,39125875,보노하우스 모던플러스 내추럴오크 우드상판 서랍장 버터 5단 1개,모던 플러스,320-A1-1-607,2026-04-16,14,0,0,0,5,high,,0,0.00,5,0.17,active
R016233030004,39125874,보노하우스 모던플러스 내추럴오크 우드상판 서랍장 라이트그레이 4단 1개,모던 플러스,320-A1-1-608,2026-04-16,5,1,1,1,11,normal,14.00,5,0.36,11,0.37,active
R016233030003,39125872,보노하우스 모던플러스 내추럴오크 우드상판 서랍장 버터 4단 1개,모던 플러스,320-A1-1-609,2026-04-16,4,0,0,0,5,normal,56.00,1,0.07,5,0.17,active
R016233030006,39125876,보노하우스 모던플러스 내추럴오크 우드상판 서랍장 라이트그레이 3단 1개,모던 플러스,320-A1-1-610,2026-04-16,6,2,2,2,22,normal,6.00,14,1.00,22,0.73,active
R016233030005,39125873,보노하우스 모던플러스 내추럴오크 우드상판 서랍장 버터 3단 1개,모던 플러스,320-A1-1-611,2026-04-16,5,0,0,0,5,normal,35.00,2,0.14,5,0.17,active
R000150580040,2125248,뉴모던플러스 우드형상판 5단 핑크,모던 플러스,320-A1-1-612,2026-04-16,6,1,1,1,6,normal,28.00,3,0.21,6,0.20,active
R015858070007,37140437,보노하우스 클래식 수납정리함 13리터 그레이 2개 1팩,슬림서랍장,320-A1-1-572,2026-04-16,1,0,0,0,0,normal,,0,0.00,0,0.00,active
R015858070009,37140441,보노하우스 클래식 수납정리함 13리터 크림 4개 1팩,슬림서랍장,320-A1-1-573,2026-04-16,10,0,0,0,0,normal,,0,0.00,0,0.00,active
R015858070008,37140439,보노하우스 클래식 수납정리함 13리터 화이트 4개 1팩,슬림서랍장,320-A1-1-574,2026-04-16,22,0,0,0,4,high,308.00,1,0.07,4,0.13,active
R015858070012,37140479,보노하우스 클래식 수납정리함 26리터 크림 2개 1팩,레브 스토리지,320-A1-1-576,2026-04-16,1,0,0,0,0,normal,,0,0.00,0,0.00,active
R015858070011,37140444,보노하우스 클래식 수납정리함 26리터 화이트 2개 1팩,레브 스토리지,320-A1-1-577,2026-04-16,3,0,0,0,1,high,42.00,1,0.07,1,0.03,active
R015858070004,37140440,보노하우스 클래식 수납정리함 26리터 크림 4개 1팩,레브 스토리지,320-A1-1-579,2026-04-16,4,0,0,0,0,normal,,0,0.00,0,0.00,active
R015858070002,37140436,보노하우스 클래식 수납정리함 26리터 화이트 4개 1팩,레브 스토리지,320-A1-1-580,2026-04-16,1,0,0,0,1,normal,,0,0.00,1,0.03,active
R015858070003,37140438,보노하우스 클래식 수납정리함 26리터 그레이 4개 1팩,레브 스토리지,320-A1-1-581,2026-04-16,2,0,0,0,0,normal,,0,0.00,0,0.00,active
R234019360002,61364657,보노하우스 화이트 이노스 우드상판 서랍장  내추럴 우드상판 3단 1개 562X420X602,기타,320-A1-1-597,2026-04-16,2,0,0,0,0,normal,,0,0.00,0,0.00,active
R234019380004,61364661,보노하우스 화이트 이노스 우드상판 서랍장  내추럴 우드상판 4단 1개 562X420X792,레브 스토리지,320-A1-1-598,2026-04-16,3,0,0,0,0,normal,,0,0.00,0,0.00,active
R234019400006,61364663,보노하우스 화이트 이노스 우드상판 서랍장  내추럴 우드상판 5단 1개 562X420X982,기타,320-A1-1-599,2026-04-16,3,0,0,0,0,normal,,0,0.00,0,0.00,active
R013797030004,30636241,보노하우스 맥스 서랍장 다크투명 5단 1개,맥스,320-A1-1-544,2026-04-16,10,0,0,0,0,normal,,0,0.00,0,0.00,active
R244125620012,66734721,보노하우스 국내제조 맥스 이동식 서랍장 다크투명 1개 5단(360 x 430 x 1125,맥스,320-A1-1-545,2026-04-16,6,1,1,1,11,normal,21.00,4,0.29,11,0.37,active
R013890870002,30852422,보노하우스 어반 우드상판 베이직 서랍장  5단 다크투명 1개,맥스,320-A1-1-546,2026-04-16,14,0,0,0,0,normal,,0,0.00,0,0.00,active
R014689640001,33809952,보노하우스 맥스 화이트 서랍장 6단 1개,맥스,320-A1-1-548,2026-04-16,15,1,1,1,6,high,,0,0.00,6,0.20,active
R013890870004,30852440,보노하우스 어반 우드상판 베이직 서랍장  6단 화이트 1개,맥스,320-A1-1-550,2026-04-16,4,1,1,1,9,normal,8.00,7,0.50,9,0.30,active
R013797030003,30636238,보노하우스 맥스 서랍장 투명 6단 1개,맥스,320-A1-1-552,2026-04-16,25,0,0,0,5,high,175.00,2,0.14,5,0.17,active
R013890870006,30852442,보노하우스 어반 우드상판 베이직 서랍장  6단 투명 1개,맥스,320-A1-1-554,2026-04-16,11,2,2,2,17,normal,30.80,5,0.36,17,0.57,active
R013890890001,30737259,보노하우스 맥스 서랍장 다크투명 6단 1개,맥스,320-A1-1-556,2026-04-16,11,1,1,1,7,high,51.33,3,0.21,7,0.23,active
R013890870007,30852444,보노하우스 어반 우드상판 베이직 서랍장  6단 다크투명 1개,맥스,320-A1-1-558,2026-04-16,13,0,0,0,5,high,91.00,2,0.14,5,0.17,active
R015858070006,37140435,보노하우스 클래식 수납정리함 13리터 크림 2개 1팩,슬림서랍장,320-A1-1-570,2026-04-16,1,0,0,0,2,normal,,0,0.00,2,0.07,active
R015858070005,37140433,보노하우스 클래식 수납정리함 13리터 화이트 2개 1팩,슬림서랍장,320-A1-1-571,2026-04-16,4,0,0,0,0,normal,,0,0.00,0,0.00,active
R013890870010,30852441,보노하우스 어반 우드상판 베이직 서랍장  4단 투명 1개,맥스,320-A1-1-530,2026-04-16,15,0,0,0,1,high,,0,0.00,1,0.03,active
R013797030006,30636237,보노하우스 맥스 서랍장 다크투명 4단 1개,맥스,320-A1-1-532,2026-04-16,2,1,1,1,8,normal,9.33,3,0.21,8,0.27,active
R244125590009,66734717,보노하우스 국내제조 맥스 이동식 서랍장 다크투명 1개 4단(360 x 430 x 945 m,맥스,320-A1-1-533,2026-04-16,4,0,0,0,5,normal,28.00,2,0.14,5,0.17,active
R013890870009,30852439,보노하우스 어반 우드상판 베이직 서랍장  4단 다크투명 1개,맥스,320-A1-1-534,2026-04-16,4,0,0,0,1,high,56.00,1,0.07,1,0.03,active
R014689640002,33809957,보노하우스 맥스 화이트 서랍장 5단 1개,맥스,320-A1-1-536,2026-04-16,11,1,1,1,9,high,30.80,5,0.36,9,0.30,active
R244125600010,66734719,보노하우스 국내제조 맥스 이동식 서랍장 화이트 1개 5단(360 x 430 x 1125 m,맥스,320-A1-1-537,2026-04-16,4,1,1,1,9,normal,56.00,1,0.07,9,0.30,active
R013890870008,30852424,보노하우스 어반 우드상판 베이직 서랍장  5단 화이트 1개,맥스,320-A1-1-538,2026-04-16,9,1,1,1,9,normal,31.50,4,0.29,9,0.30,active
R013797030005,30636242,보노하우스 맥스 서랍장 투명 5단 1개,맥스,320-A1-1-540,2026-04-16,14,0,0,0,5,high,196.00,1,0.07,5,0.17,active
R244125610011,66734720,보노하우스 국내제조 맥스 이동식 서랍장 투명 1개 5단(360 x 430 x 1125 mm,맥스,320-A1-1-541,2026-04-16,5,2,2,2,22,normal,6.36,11,0.79,22,0.73,active
R013890870005,30852423,보노하우스 어반 우드상판 베이직 서랍장  5단 투명 1개,맥스,320-A1-1-542,2026-04-16,5,0,0,0,5,normal,70.00,1,0.07,5,0.17,active
R244125550005,66734712,보노하우스 국내제조 맥스 이동식 서랍장 투명 1개 3단(360 x 430 x 705 mm),맥스,320-A1-1-517,2026-04-16,6,0,0,0,1,high,,0,0.00,1,0.03,active
R013890870013,30852437,보노하우스 어반 우드상판 베이직 서랍장  3단 투명 1개,맥스,320-A1-1-518,2026-04-16,10,0,0,0,4,high,140.00,1,0.07,4,0.13,active
R013890890003,30737260,보노하우스 맥스 서랍장 다크투명 3단 1개,맥스,320-A1-1-520,2026-04-16,18,1,1,1,10,high,126.00,2,0.14,10,0.33,active
R244125560006,66734713,보노하우스 국내제조 맥스 이동식 서랍장 다크투명 1개 3단(360 x 430 x 705 m,맥스,320-A1-1-521,2026-04-16,4,1,1,1,10,normal,8.00,7,0.50,10,0.33,active
R013890870012,30852436,보노하우스 어반 우드상판 베이직 서랍장  3단 다크투명 1개,맥스,320-A1-1-522,2026-04-16,9,0,0,0,2,high,,0,0.00,2,0.07,active
R014689640003,33809955,보노하우스 맥스 화이트 서랍장 4단 1개,맥스,320-A1-1-524,2026-04-16,17,0,0,0,4,high,119.00,2,0.14,4,0.13,active
R244125570007,66734714,보노하우스 국내제조 맥스 이동식 서랍장 화이트 1개 4단(360 x 430 x 915 mm,맥스,320-A1-1-525,2026-04-16,9,0,0,0,3,high,63.00,2,0.14,3,0.10,active
R013890870011,30852443,보노하우스 어반 우드상판 베이직 서랍장  4단 화이트 1개,맥스,320-A1-1-526,2026-04-16,4,0,0,0,4,normal,,0,0.00,4,0.13,active
R013890890002,30737258,보노하우스 맥스 서랍장 투명 4단 1개,맥스,320-A1-1-528,2026-04-16,5,2,2,2,22,normal,10.00,7,0.50,22,0.73,active
R244125580008,66734715,보노하우스 국내제조 맥스 이동식 서랍장 투명 1개 4단(360 x 430 x 945 mm),맥스,320-A1-1-529,2026-04-16,10,1,1,1,10,normal,23.33,6,0.43,10,0.33,active
R244125520002,66734709,보노하우스 국내제조 맥스 이동식 서랍장 투명 1개 2단(360 x 430 x 495 mm),맥스,320-A1-1-505,2026-04-16,4,1,1,1,8,normal,11.20,5,0.36,8,0.27,active
R013890870001,30852445,보노하우스 어반 우드상판 베이직 서랍장  2단 투명 1개,맥스,320-A1-1-506,2026-04-16,13,0,0,0,4,high,182.00,1,0.07,4,0.13,active
R013797030001,30636257,보노하우스 맥스 서랍장 다크투명 2단 1개,맥스,320-A1-1-508,2026-04-16,36,3,3,3,34,high,50.40,10,0.71,34,1.13,active
R244125530003,66734710,보노하우스 국내제조 맥스 이동식 서랍장 다크투명 1개 2단(360 x 430 x 495 m,맥스,320-A1-1-509,2026-04-16,13,0,0,0,4,high,91.00,2,0.14,4,0.13,active
R013890870015,30852449,보노하우스 어반 우드상판 베이직 서랍장  2단 다크투명 1개,맥스,320-A1-1-510,2026-04-16,11,0,0,0,4,high,,0,0.00,4,0.13,active
R014689640004,33809956,보노하우스 맥스 화이트 서랍장 3단 1개,맥스,320-A1-1-512,2026-04-16,15,2,2,2,15,normal,35.00,6,0.43,15,0.50,active
R244125540004,66734711,보노하우스 국내제조 맥스 이동식 서랍장 화이트 1개 3단(360 x 430 x 705 mm,맥스,320-A1-1-513,2026-04-16,17,1,1,1,7,high,119.00,2,0.14,7,0.23,active
R013890870014,30852438,보노하우스 어반 우드상판 베이직 서랍장  3단 화이트 1개,맥스,320-A1-1-514,2026-04-16,13,1,1,1,7,high,91.00,2,0.14,7,0.23,active
R013890890004,30737261,보노하우스 맥스 서랍장 투명 3단 1개,맥스,320-A1-1-516,2026-04-16,28,6,6,6,58,normal,15.08,26,1.86,58,1.93,active
R000420310009,2386096,Box_레브 리빙박스_M_화이트_2개,레브 스토리지 M,320-A1-1-491,2026-04-16,10,2,2,2,15,normal,28.00,5,0.36,15,0.50,active
R000420310018,2386105,Box_레브스토리지_M_화이트_3개,레브 스토리지 M,320-A1-1-492,2026-04-16,8,1,1,1,9,normal,28.00,4,0.29,9,0.30,active
R000420310014,2386101,Box_레브스토리지_M_아이보리_3개,레브 스토리지 M,320-A1-1-493,2026-04-16,12,1,1,1,7,high,56.00,3,0.21,7,0.23,active
R000420310016,2386103,Box_레브스토리지_M_투명_3개,레브 스토리지 M,320-A1-1-494,2026-04-16,7,0,0,0,3,high,,0,0.00,3,0.10,active
R000420310023,2386110,Box_레브스토리지_M_아이보리_4개,레브 스토리지 M,320-A1-1-495,2026-04-16,5,1,1,1,11,normal,14.00,5,0.36,11,0.37,active
R000420310025,2386112,Box_레브스토리지_M_투명_4개,레브 스토리지 M,320-A1-1-496,2026-04-16,15,2,2,2,19,normal,23.33,9,0.64,19,0.63,active
R014689640005,33809954,보노하우스 맥스 화이트 서랍장 2단 1개,맥스,320-A1-1-500,2026-04-16,54,12,12,12,117,normal,14.82,51,3.64,117,3.90,active
R244125510001,66734708,보노하우스 국내제조 맥스 이동식 서랍장 화이트 1개 2단(360 x 430 x 495 mm,맥스,320-A1-1-501,2026-04-16,6,0,0,0,3,high,42.00,2,0.14,3,0.10,active
R013890870003,30852448,보노하우스 어반 우드상판 베이직 서랍장  2단 화이트 1개,맥스,320-A1-1-502,2026-04-16,21,1,1,1,11,high,98.00,3,0.21,11,0.37,active
R013797030002,30636261,보노하우스 맥스 서랍장 투명 2단 1개,맥스,320-A1-1-504,2026-04-16,48,21,21,21,208,normal,11.20,60,4.29,208,6.93,active
R016002720001,37820733,보노하우스 라탄 슬림 서랍장 7단 브라운 1개,슬림형 심플리,320-A1-1-473,2026-04-16,5,0,0,0,0,normal,,0,0.00,0,0.00,active
R011427100001,20316639,보노하우스 심플리 슬림 서랍장 7단 라이트 그레이 1개,슬림형 심플리,320-A1-1-474,2026-04-16,5,0,0,0,1,high,,0,0.00,1,0.03,active
R011190790001,19559369,보노하우스 라탄 슬림 서랍장 8단 크림 1개,슬림형 라탄,320-A1-1-480,2026-04-16,19,5,5,5,50,normal,15.65,17,1.21,50,1.67,active
R012426830001,24776554,보노하우스 심플리 슬림 서랍장 8단 크림 1개,슬림형 심플리,320-A1-1-481,2026-04-16,12,0,0,0,2,high,168.00,1,0.07,2,0.07,active
R012426830003,24776556,보노하우스 심플리 슬림 서랍장 8단 화이트 1개,슬림형 심플리,320-A1-1-482,2026-04-16,19,3,3,3,32,normal,24.18,11,0.79,32,1.07,active
R011190790002,19559370,보노하우스 라탄 슬림 서랍장 8단 브라운 1개,슬림형 라탄,320-A1-1-483,2026-04-16,12,1,1,1,10,high,42.00,4,0.29,10,0.33,active
R012426830002,24776555,보노하우스 심플리 슬림 서랍장 8단 라이트 그레이 1개,핸들러 바스켓,320-A1-1-484,2026-04-16,7,0,0,0,3,high,49.00,2,0.14,3,0.10,active
R000420310001,2386088,Box_레브스토리지_M_그레이_2개,레브 스토리지 M,320-A1-1-487,2026-04-16,4,2,2,2,17,normal,4.31,13,0.93,17,0.57,active
R000420310005,2386092,Box_레브스토리지_M_아이보리_2개,레브 스토리지 M,320-A1-1-488,2026-04-16,28,1,1,1,12,high,130.67,3,0.21,12,0.40,active
R000420310007,2386094,Box_레브스토리지_M_투명_2개,레브 스토리지 M,320-A1-1-489,2026-04-16,65,3,3,3,28,high,82.73,11,0.79,28,0.93,active
R000420310027,2386114,Box_레브스토리지_M_화이트_4개,레브 스토리지 M,320-A1-1-490,2026-04-16,21,3,3,3,28,normal,22.62,13,0.93,28,0.93,active
R011426930002,20468366,보노하우스 라탄 슬림 서랍장 6단 크림 1개,슬림형 라탄,320-A1-1-460,2026-04-16,4,0,0,0,2,high,56.00,1,0.07,2,0.07,active
R011396790001,20179110,보노하우스 심플리 슬림 서랍장 6단  크림 1개,슬림형 라탄,320-A1-1-461,2026-04-16,6,1,1,1,7,normal,42.00,2,0.14,7,0.23,active
R011426970002,20468447,보노하우스 심플리 슬림 서랍장 6단  화이트 1개,슬림형 심플리,320-A1-1-462,2026-04-16,36,3,3,3,33,high,63.00,8,0.57,33,1.10,active
R011426930001,20468365,보노하우스 라탄 슬림 서랍장 6단 브라운 1개,슬림형 라탄,320-A1-1-463,2026-04-16,4,0,0,0,1,high,56.00,1,0.07,1,0.03,active
R011426970001,20468446,보노하우스 심플리 슬림 서랍장 6단  라이트 그레이 1개,슬림형 라탄,320-A1-1-464,2026-04-16,7,0,0,0,4,high,98.00,1,0.07,4,0.13,active
R016002720002,37820734,보노하우스 라탄 슬림 서랍장 7단 크림 1개,슬림형 라탄,320-A1-1-470,2026-04-16,5,0,0,0,1,high,,0,0.00,1,0.03,active
R011427100002,20316640,보노하우스 심플리 슬림 서랍장 7단 크림 1개,슬림형 심플리,320-A1-1-471,2026-04-16,5,0,0,0,3,high,70.00,1,0.07,3,0.10,active
R012426490001,24776348,보노하우스 심플리 슬림 서랍장 7단  화이트 1개,슬림형 심플리,320-A1-1-472,2026-04-16,7,2,2,2,15,normal,16.33,6,0.43,15,0.50,active
R011191610003,19560132,보노하우스 심플리 슬림 서랍장 4단 화이트 1개,슬림형 심플리,320-A1-1-442,2026-04-16,24,3,3,3,31,normal,30.55,11,0.79,31,1.03,active
R011194020002,19560856,보노하우스 라탄 슬림 서랍장 4단 브라운 1개,슬림형 라탄,320-A1-1-443,2026-04-16,4,1,1,1,8,normal,28.00,2,0.14,8,0.27,active
R011191610002,19560131,보노하우스 심플리 슬림 서랍장 4단 라이트 그레이 1개,슬림형 라탄,320-A1-1-444,2026-04-16,6,0,0,0,3,high,,0,0.00,3,0.10,active
R011193750001,19560092,보노하우스 라탄 슬림 서랍장 5단 크림 1개,슬림형 라탄,320-A1-1-450,2026-04-16,7,1,1,1,7,normal,24.50,4,0.29,7,0.23,active
R011191900003,19560104,보노하우스 심플리 슬림 서랍장 5단 화이트 1개,슬림형 심플리,320-A1-1-452,2026-04-16,33,8,8,8,76,normal,27.18,17,1.21,76,2.53,active
R011193750002,19560093,보노하우스 라탄 슬림 서랍장 5단 브라운 1개,슬림형 라탄,320-A1-1-453,2026-04-16,4,0,0,0,5,normal,56.00,1,0.07,5,0.17,active
R011191900002,19560103,보노하우스 심플리 슬림 서랍장 5단 라이트 그레이 1개,슬림형 라탄,320-A1-1-454,2026-04-16,13,1,1,1,11,high,45.50,4,0.29,11,0.37,active
R011191110003,19559377,보노하우스 심플리 슬림 서랍장 2단 화이트 1개,슬림형 심플리,320-A1-1-422,2026-04-16,42,2,2,2,20,high,196.00,3,0.21,20,0.67,active
R011193590002,19497421,보노하우스 라탄 슬림 서랍장 2단 브라운 1개,슬림형 라탄,320-A1-1-423,2026-04-16,18,0,0,0,2,high,,0,0.00,2,0.07,active
R011191110002,19559376,보노하우스 심플리 슬림 서랍장 2단 라이트 그레이 1개,슬림형 라탄,320-A1-1-424,2026-04-16,4,0,0,0,5,normal,18.67,3,0.21,5,0.17,active
R011193930001,19560485,보노하우스 라탄 슬림 서랍장 3단  크림 1개,슬림형 라탄,320-A1-1-430,2026-04-16,4,1,1,1,6,normal,28.00,2,0.14,6,0.20,active
R011191270001,19559382,보노하우스 심플리 슬림 서랍장 3단 크림 1개,슬림형 라탄,320-A1-1-431,2026-04-16,4,1,1,1,7,normal,56.00,1,0.07,7,0.23,active
R011191270003,19559385,보노하우스 심플리 슬림 서랍장 3단 화이트 1개,슬림형 심플리,320-A1-1-432,2026-04-16,8,3,3,3,30,normal,10.18,11,0.79,30,1.00,active
R011193930002,19560486,보노하우스 라탄 슬림 서랍장 3단  브라운 1개,슬림형 라탄,320-A1-1-433,2026-04-16,4,0,0,0,1,high,56.00,1,0.07,1,0.03,active
R011191270002,19559384,보노하우스 심플리 슬림 서랍장 3단 라이트 그레이 1개,슬림형 라탄,320-A1-1-434,2026-04-16,5,0,0,0,3,high,70.00,1,0.07,3,0.10,active
R011194020001,19560855,보노하우스 라탄 슬림 서랍장 4단 크림 1개,슬림형 라탄,320-A1-1-440,2026-04-16,4,0,0,0,3,high,56.00,1,0.07,3,0.10,active
R011191610001,19560130,보노하우스 심플리 슬림 서랍장 4단 크림 1개,슬림형 라탄,320-A1-1-441,2026-04-16,5,2,2,2,18,normal,17.50,4,0.29,18,0.60,active
R233050500002,60811639,보노하우스 국내 제조 팬트리수납 정리바스켓 반투명 2개 XS,리빙박스 로코스 XS,320-A1-1-390,2026-04-16,4,0,0,0,3,high,,0,0.00,3,0.10,active
R233050520004,60811640,보노하우스 국내 제조 팬트리수납 정리바스켓 버터 2개 XS,리빙박스 로코스 XS,320-A1-1-391,2026-04-16,4,1,1,1,9,normal,56.00,1,0.07,9,0.30,active
R233050530005,60811641,보노하우스 국내 제조 팬트리수납 정리바스켓 화이트 4개 XS,리빙박스 로코스 XS,320-A1-1-392,2026-04-16,4,0,0,0,0,normal,,0,0.00,0,0.00,active
R233050540006,60811642,보노하우스 국내 제조 팬트리수납 정리바스켓 반투명 4개 XS,리빙박스 로코스 XS,320-A1-1-393,2026-04-16,4,0,0,0,0,normal,,0,0.00,0,0.00,active
R233050560008,60811643,보노하우스 국내 제조 팬트리수납 정리바스켓 버터 4개 XS,리빙박스 로코스 XS,320-A1-1-394,2026-04-16,3,0,0,0,1,high,42.00,1,0.07,1,0.03,active
R233050490001,60821491,보노하우스 국내 제조 팬트리수납 정리바스켓 화이트 2개 XS,리빙박스 로코스 XS,320-A1-1-395,2026-04-16,22,0,0,0,1,high,,0,0.00,1,0.03,active
R233050510003,60845678,보노하우스 국내 제조 팬트리수납 정리바스켓 크림 2개 XS,리빙박스 로코스 XS,320-A1-1-396,2026-04-16,15,0,0,0,1,high,,0,0.00,1,0.03,active
R233050550007,60845679,보노하우스 국내 제조 팬트리수납 정리바스켓 크림 4개 XS,리빙박스 로코스 XS,320-A1-1-397,2026-04-16,8,0,0,0,1,high,112.00,1,0.07,1,0.03,active
R011193590001,19497420,보노하우스 라탄 슬림 서랍장 2단 크림 1개,슬림형 라탄,320-A1-1-420,2026-04-16,4,0,0,0,5,normal,28.00,2,0.14,5,0.17,active
R218872180004,51111947,보노하우스 올데이 이동식 트롤리 크림 3단 1개,옷걸이 와이드,320-A1-1-374,2026-04-16,5,0,0,0,3,high,35.00,2,0.14,3,0.10,active
R222199270001,53637235,보노하우스 이지 슬림 틈새 수납 트롤리 화이트 3단 1개,옷걸이 와이드,320-A1-1-375,2026-04-16,8,0,0,0,3,high,112.00,1,0.07,3,0.10,active
R222199280002,53637236,보노하우스 이지 슬림 틈새 수납 트롤리 그레이 3단 1개,옷걸이 와이드,320-A1-1-376,2026-04-16,12,0,0,0,1,high,168.00,1,0.07,1,0.03,active
R222199290003,53637237,보노하우스 이지 슬림 틈새 수납 트롤리 화이트 4단 1개,옷걸이 와이드,320-A1-1-377,2026-04-16,3,0,0,0,1,high,42.00,1,0.07,1,0.03,active
R222199300004,53637238,보노하우스 이지 슬림 틈새 수납 트롤리 그레이 4단 1개,옷걸이 와이드,320-A1-1-378,2026-04-16,4,1,1,1,6,normal,11.20,5,0.36,6,0.20,active
R012949320002,26737349,보노하우스 다용도 트레이  반투명 중형 8개,핸들러 바스켓,320-A1-1-379,2026-04-16,4,0,0,0,2,high,56.00,1,0.07,2,0.07,active
R012949320003,26737351,보노하우스 다용도 트레이  반투명 소형 8개,핸들러 바스켓,320-A1-1-380,2026-04-16,4,0,0,0,4,normal,14.00,4,0.29,4,0.13,active
R012949320006,26737354,보노하우스 다용도 트레이  반투명 소형 4개,핸들러 바스켓,320-A1-1-381,2026-04-16,4,1,1,1,8,normal,14.00,4,0.29,8,0.27,active
R012949320001,26737350,보노하우스 다용도 트레이  반투명 대형 8개,핸들러 바스켓,320-A1-1-382,2026-04-16,4,0,0,0,3,high,,0,0.00,3,0.10,active
R212219400012,46731163,보노하우스 리즈 논슬립 옷걸이 80P - 퍼플,옷걸이 와이드,320-A1-1-361,2026-04-16,2,0,0,0,1,high,,0,0.00,1,0.03,active
R006207930004,13210706,아이엠 리빙박스 수납정리함 S 크림 2개,리빙박스 로코스,320-A1-1-362,2026-04-16,13,1,1,1,9,high,30.33,6,0.43,9,0.30,active
R006207930005,13210707,아이엠 리빙박스 수납정리함 S 그레이 2개,리빙박스 로코스,320-A1-1-363,2026-04-16,3,0,0,0,1,high,,0,0.00,1,0.03,active
R006207930006,13210708,아이엠 리빙박스 수납정리함 S 화이트 2개,리빙박스 로코스,320-A1-1-364,2026-04-16,5,1,1,1,9,normal,35.00,2,0.14,9,0.30,active
R006878750001,14161953,아이엠 리빙박스 수납정리함 L 그레이 2개,리빙박스 로코스,320-A1-1-365,2026-04-16,10,0,0,0,4,high,,0,0.00,4,0.13,active
R006878750010,14161959,아이엠 리빙박스 수납정리함 L 그레이 4개,리빙박스 로코스,320-A1-1-366,2026-04-16,4,0,0,0,0,normal,,0,0.00,0,0.00,active
R006207930002,13210705,아이엠 리빙박스 수납정리함 S 네이비 2개,리빙박스 로코스,320-A1-1-367,2026-04-16,4,2,2,2,17,normal,7.00,8,0.57,17,0.57,active
R006878750002,14161958,아이엠 리빙박스 수납정리함 L 네이비 2개,리빙박스 로코스,320-A1-1-368,2026-04-16,21,1,1,1,6,high,98.00,3,0.21,6,0.20,active
R218872150001,51111944,보노하우스 올데이 이동식 트롤리 화이트 2단 1개,옷걸이 와이드,320-A1-1-370,2026-04-16,6,1,1,1,13,normal,28.00,3,0.21,13,0.43,active
R218872160002,51111945,보노하우스 올데이 이동식 트롤리 크림 2단 1개,옷걸이 와이드,320-A1-1-371,2026-04-16,8,1,1,1,11,normal,16.00,7,0.50,11,0.37,active
R218872170003,51111946,보노하우스 올데이 이동식 트롤리 화이트 3단 1개,옷걸이 와이드,320-A1-1-373,2026-04-16,4,0,0,0,1,high,56.00,1,0.07,1,0.03,active
R014043450004,31353436,보노하우스 와이드 튼튼 어깨뿔방지 옷걸이 그레이 50개 1팩,옷걸이 와이드,320-A1-1-331,2026-04-16,4,0,0,0,3,high,18.67,3,0.21,3,0.10,active
R210429210005,45052306,보노하우스 옷걸이 10P 구성 아동용,옷걸이 와이드,320-A1-1-340,2026-04-16,1,0,0,0,0,normal,,0,0.00,0,0.00,active
R212219380010,46731162,보노하우스 베베 유아옷걸이 30P - 하트,옷걸이 와이드,320-A1-1-341,2026-04-16,4,0,0,0,0,normal,,0,0.00,0,0.00,active
R227493680001,57445191,보노하우스 윌로우 오픈형 바지걸이 화이트 10개,바지걸이,320-A1-1-342,2026-04-16,10,3,3,3,29,normal,7.78,18,1.29,29,0.97,active
R227493690002,57445192,보노하우스 윌로우 오픈형 바지걸이 그레이 10개,바지걸이,320-A1-1-343,2026-04-16,12,3,3,3,26,normal,7.00,24,1.71,26,0.87,active
R227493700003,57445193,보노하우스 윌로우 오픈형 바지걸이 화이트 20개,바지걸이,320-A1-1-344,2026-04-16,4,1,1,1,14,normal,9.33,6,0.43,14,0.47,active
R227493710004,57445194,보노하우스 윌로우 오픈형 바지걸이 그레이 20개,바지걸이,320-A1-1-345,2026-04-16,4,0,0,0,5,normal,11.20,5,0.36,5,0.17,active
R227493720005,57445195,보노하우스 윌로우 오픈형 바지걸이 화이트 30개,바지걸이,320-A1-1-346,2026-04-16,4,2,2,2,15,normal,5.09,11,0.79,15,0.50,active
R227493730006,57445196,보노하우스 윌로우 오픈형 바지걸이 그레이 30개,바지걸이,320-A1-1-347,2026-04-16,4,1,1,1,7,normal,8.00,7,0.50,7,0.23,active
R212219390011,46731165,보노하우스 베베 유아옷걸이 30P - 에어플레인,옷걸이 와이드,320-A1-1-350,2026-04-16,4,0,0,0,1,high,,0,0.00,1,0.03,active
R212219370009,46731161,보노하우스 리즈 논슬립 옷걸이 80P - 그린,옷걸이 와이드,320-A1-1-360,2026-04-16,3,0,0,0,0,normal,,0,0.00,0,0.00,active
R013917230003,30734484,보노하우스 와이드 튼튼 어깨뿔방지 옷걸이 그레이 20개  1팩,옷걸이 와이드,320-A1-1-323,2026-04-16,4,0,0,0,3,high,56.00,1,0.07,3,0.10,active
R013917230001,30734482,보노하우스 와이드 튼튼 어깨뿔방지 옷걸이 크림 30개 1팩,옷걸이 와이드,320-A1-1-324,2026-04-16,9,1,1,1,6,high,31.50,4,0.29,6,0.20,active
R013917230010,30734499,보노하우스 와이드 튼튼 어깨뿔방지 옷걸이 블랙 30개  1팩,옷걸이 와이드,320-A1-1-325,2026-04-16,3,1,1,1,11,normal,21.00,2,0.14,11,0.37,active
R013917230006,30734495,보노하우스 와이드 튼튼 어깨뿔방지 옷걸이 화이트 30개 1팩,옷걸이 와이드,320-A1-1-326,2026-04-16,4,1,1,1,10,normal,9.33,6,0.43,10,0.33,active
R013917230004,30734490,보노하우스 와이드 튼튼 어깨뿔방지 옷걸이 그레이 30개  1팩,옷걸이 와이드,320-A1-1-327,2026-04-16,4,0,0,0,2,high,,0,0.00,2,0.07,active
R014043450003,31353434,보노하우스 와이드 튼튼 어깨뿔방지 옷걸이 블랙 50개 1팩,옷걸이 와이드,320-A1-1-328,2026-04-16,3,0,0,0,0,normal,,0,0.00,0,0.00,active
R014043450002,31353432,보노하우스 와이드 튼튼 어깨뿔방지 옷걸이 크림 50개 1팩,옷걸이 와이드,320-A1-1-329,2026-04-16,14,0,0,0,3,high,98.00,2,0.14,3,0.10,active
R014043450001,31353430,보노하우스 와이드 튼튼 어깨뿔방지 옷걸이 화이트 50개 1팩,옷걸이 와이드,320-A1-1-330,2026-04-16,4,0,0,0,3,high,28.00,2,0.14,3,0.10,active
R013337950001,28257471,보노하우스 목 늘림 방지 옷걸이 크림 30개,옷걸이 밸런스,320-A1-1-315,2026-04-16,33,3,3,3,27,high,42.00,11,0.79,27,0.90,active
R013337950007,28257477,보노하우스 목 늘림 방지 옷걸이 그레이 30개,옷걸이 밸런스,320-A1-1-316,2026-04-16,23,1,1,1,13,high,107.33,3,0.21,13,0.43,active
R013337950004,28257474,보노하우스 목 늘림 방지 옷걸이 화이트 50개,옷걸이 밸런스,320-A1-1-317,2026-04-16,6,0,0,0,0,normal,,0,0.00,0,0.00,active
R013337950008,28257478,보노하우스 목 늘림 방지 옷걸이 그레이 50개,옷걸이 밸런스,320-A1-1-319,2026-04-16,12,0,0,0,0,normal,,0,0.00,0,0.00,active
R013917230012,30734501,보노하우스 와이드 튼튼 어깨뿔방지 옷걸이 블랙 20개  1팩,옷걸이 와이드,320-A1-1-320,2026-04-16,12,1,1,1,10,high,21.00,8,0.57,10,0.33,active
R013917230009,30734496,보노하우스 와이드 튼튼 어깨뿔방지 옷걸이 크림 20개  1팩,옷걸이 와이드,320-A1-1-321,2026-04-16,9,1,1,1,6,high,126.00,1,0.07,6,0.20,active
R013917230005,30734494,보노하우스 와이드 튼튼 어깨뿔방지 옷걸이 화이트 20개  1팩,옷걸이 와이드,320-A1-1-322,2026-04-16,6,0,0,0,5,high,28.00,3,0.21,5,0.17,active
R006102350010,13222356,아이엠 리빙박스 수납정리함 M 화이트 2개,리빙박스 로코스,320-A1-1-304,2026-04-16,3,0,0,0,4,normal,42.00,1,0.07,4,0.13,active
R006878750008,14161957,아이엠 리빙박스 수납정리함 M 크림 2개,리빙박스 로코스,320-A1-1-305,2026-04-16,4,1,1,1,8,normal,11.20,5,0.36,8,0.27,active
R012319330002,24225728,보노하우스 로코스 수납 바스켓 L 라이트 화이트 8개,리빙박스 로코스,320-A1-1-306,2026-04-16,65,20,20,20,203,normal,8.83,103,7.36,203,6.77,active
R012319330001,24225727,보노하우스 로코스 수납 바스켓 L 아이보리 8개,리빙박스 로코스,320-A1-1-307,2026-04-16,14,4,4,4,40,normal,10.32,19,1.36,40,1.33,active
R010589610001,17961059,보노하우스 로코스 수납 바스켓 XS 8개 화이트 1팩,리빙박스 로코스,320-A1-1-308,2026-04-16,4,1,1,1,7,normal,28.00,2,0.14,7,0.23,active
R010639420001,18069283,보노하우스 로코스 수납 바스켓 XS 8개 크림 1팩,리빙박스 로코스,320-A1-1-309,2026-04-16,4,0,0,0,0,normal,,0,0.00,0,0.00,active
R013337950005,28257475,보노하우스 목 늘림 방지 옷걸이 블랙 30개,옷걸이 밸런스,320-A1-1-312,2026-04-16,10,1,1,1,12,normal,23.33,6,0.43,12,0.40,active
R013337950006,28257476,보노하우스 목 늘림 방지 옷걸이 블랙 50개,옷걸이 밸런스,320-A1-1-313,2026-04-16,4,0,0,0,5,normal,56.00,1,0.07,5,0.17,active
R013337950003,28257473,보노하우스 목 늘림 방지 옷걸이 화이트 30개,옷걸이 밸런스,320-A1-1-314,2026-04-16,18,1,1,1,10,high,42.00,6,0.43,10,0.33,active
R011140120001,19318949,보노하우스 레인포그 반투명 라운드 리빙박스 S 4개,리빙박스 로코스,320-A1-1-295,2026-04-16,5,1,1,1,6,normal,70.00,1,0.07,6,0.20,active
R006102350006,13222359,아이엠 리빙박스 수납정리함 L 화이트 4개,리빙박스 로코스,320-A1-1-296,2026-04-16,14,0,0,0,3,high,196.00,1,0.07,3,0.10,active
R006106160001,13238586,아이엠 리빙박스 수납정리함 L 크림 4개,리빙박스 로코스,320-A1-1-297,2026-04-16,9,0,0,0,0,normal,,0,0.00,0,0.00,active
R006207930003,13210703,아이엠 리빙박스 수납정리함 L 화이트 2개,리빙박스 로코스,320-A1-1-298,2026-04-16,25,1,1,1,13,high,43.75,8,0.57,13,0.43,active
R006102350013,13222360,아이엠 리빙박스 수납정리함 L 크림 2개,리빙박스 로코스,320-A1-1-299,2026-04-16,183,1,1,1,8,high,1281.00,2,0.14,8,0.27,active
R006878000002,14162838,로코스 수납 바스켓 L 3개 화이트,리빙박스 로코스,320-A1-1-300,2026-04-16,105,15,15,15,146,normal,31.96,46,3.29,146,4.87,active
R006878000001,14162837,로코스 수납 바스켓 L 3개 크림,리빙박스 로코스,320-A1-1-301,2026-04-16,54,24,24,24,240,normal,7.41,102,7.29,240,8.00,active
R006102350020,13222358,아이엠 리빙박스 수납정리함 M 화이트 4개,리빙박스 로코스,320-A1-1-302,2026-04-16,4,0,0,0,4,normal,28.00,2,0.14,4,0.13,active
R006878750004,14161951,아이엠 리빙박스 수납정리함 M 크림 4개,리빙박스 로코스,320-A1-1-303,2026-04-16,4,0,0,0,2,high,56.00,1,0.07,2,0.07,active
R012949320005,26737353,보노하우스 다용도 트레이  반투명 중형 4개,핸들러 바스켓,320-A1-1-283,2026-04-16,5,2,2,2,20,normal,14.00,5,0.36,20,0.67,active
R014052850008,31319254,보노하우스 팬트리 리빙박스  화이트 L 4개 1팩,리빙박스 로코스,320-A1-1-284,2026-04-16,63,33,33,33,329,normal,7.11,124,8.86,329,10.97,active
R014052850009,31319255,보노하우스 팬트리 리빙박스  크림 L 4개 1팩,리빙박스 로코스,320-A1-1-285,2026-04-16,43,5,5,5,53,normal,33.44,18,1.29,53,1.77,active
R014052850001,31319251,보노하우스 팬트리 리빙박스  그레이 L 4개 1팩,리빙박스 로코스,320-A1-1-286,2026-04-16,132,3,3,3,27,high,205.33,9,0.64,27,0.90,active
R010979450001,18920375,보노하우스 반투명 라운드 리빙박스 L4개 투명 1팩,리빙박스 로코스,320-A1-1-287,2026-04-16,4,1,1,1,13,normal,7.00,8,0.57,13,0.43,active
R014052850005,31319250,보노하우스 팬트리 리빙박스  화이트 M 4개 1팩,리빙박스 로코스,320-A1-1-288,2026-04-16,68,19,19,19,194,normal,9.81,97,6.93,194,6.47,active
R014052850006,31319252,보노하우스 팬트리 리빙박스  크림 M 4개 1팩,리빙박스 로코스,320-A1-1-289,2026-04-16,28,4,4,4,39,normal,35.64,11,0.79,39,1.30,active
R014052850007,31319253,보노하우스 팬트리 리빙박스  그레이 M 4개 1팩,리빙박스 로코스,320-A1-1-290,2026-04-16,4,2,2,2,18,normal,6.22,9,0.64,18,0.60,active
R011140330001,19486701,보노하우스 레인포그 반투명 라운드 리빙박스(뚜껑포함) M 4개,리빙박스 로코스,320-A1-1-291,2026-04-16,4,1,1,1,8,normal,18.67,3,0.21,8,0.27,active
R014052850002,31319245,보노하우스 팬트리 리빙박스  화이트 S 4개 1팩,리빙박스 로코스,320-A1-1-292,2026-04-16,32,11,11,11,114,normal,7.86,57,4.07,114,3.80,active
R014052850003,31319248,보노하우스 팬트리 리빙박스  크림 S 4개 1팩,리빙박스 로코스,320-A1-1-293,2026-04-16,8,2,2,2,22,normal,12.44,9,0.64,22,0.73,active
R014052850004,31319249,보노하우스 팬트리 리빙박스  그레이 S 4개 1팩,리빙박스 로코스,320-A1-1-294,2026-04-16,4,1,1,1,11,normal,9.33,6,0.43,11,0.37,active
R012319980003,24335717,보노하우스 로코스 수납정리함 화이트 M 6개 1팩,리빙박스 로코스,320-A1-1-268,2026-04-16,25,9,9,9,89,normal,12.50,28,2.00,89,2.97,active
R012218820001,23529838,보노하우스 리빙 그립 바스켓 슬림형 8개 크림 1팩,핸들러 바스켓,320-A1-1-271,2026-04-16,4,2,2,2,20,normal,9.33,6,0.43,20,0.67,active
R012426740002,24629642,보노하우스 리빙 그립 바스켓  S 화이트 4개,핸들러 바스켓,320-A1-1-272,2026-04-16,20,8,8,8,79,normal,5.28,53,3.79,79,2.63,active
R012426740001,24629637,보노하우스 리빙 그립 바스켓  S 크림 4개,핸들러 바스켓,320-A1-1-273,2026-04-16,13,4,4,4,39,normal,12.13,15,1.07,39,1.30,active
R012218880002,23553314,보노하우스 리빙 그립 바스켓 베이직 8개 화이트 1팩,핸들러 바스켓,320-A1-1-274,2026-04-16,4,0,0,0,5,normal,28.00,2,0.14,5,0.17,active
R012218880001,23553313,보노하우스 리빙 그립 바스켓 베이직 8개 크림 1팩,핸들러 바스켓,320-A1-1-275,2026-04-16,4,0,0,0,5,normal,56.00,1,0.07,5,0.17,active
R012426740004,24629644,보노하우스 리빙 그립 바스켓  M 화이트 4개,핸들러 바스켓,320-A1-1-276,2026-04-16,17,5,5,5,49,normal,9.92,24,1.71,49,1.63,active
R012426740003,24629640,보노하우스 리빙 그립 바스켓  M 크림 4개,핸들러 바스켓,320-A1-1-277,2026-04-16,107,3,3,3,33,high,107.00,14,1.00,33,1.10,active
R012218910002,23530434,보노하우스 리빙 그립 바스켓 L 8개 화이트,핸들러 바스켓,320-A1-1-278,2026-04-16,9,0,0,0,3,high,42.00,3,0.21,3,0.10,active
R012218910001,23530433,보노하우스 리빙 그립 바스켓 와이드 8개 크림 1팩,핸들러 바스켓,320-A1-1-279,2026-04-16,1,0,0,0,0,normal,,0,0.00,0,0.00,active
R012426740006,24629645,보노하우스 리빙 그립 바스켓  L 화이트 4개,핸들러 바스켓,320-A1-1-280,2026-04-16,60,12,12,12,120,normal,11.67,72,5.14,120,4.00,active
R012426740005,24629641,보노하우스 리빙 그립 바스켓  L 크림 4개,핸들러 바스켓,320-A1-1-281,2026-04-16,55,12,12,12,120,normal,20.81,37,2.64,120,4.00,active
R012949320004,26737352,보노하우스 다용도 트레이  반투명 대형 4개,핸들러 바스켓,320-A1-1-282,2026-04-16,16,1,1,1,10,high,44.80,5,0.36,10,0.33,active
R001475620006,7682150,보노 슬림서랍장 2단 투명(바퀴포함),슬림서랍장,320-A1-1-253,2026-04-16,5,0,0,0,0,normal,,0,0.00,0,0.00,active
R000695390004,3211579,슬림 서랍장 2단 그레이,슬림서랍장,320-A1-1-254,2026-04-16,10,1,1,1,12,normal,20.00,7,0.50,12,0.40,active
R012318880002,24335598,보노하우스 우드상판 슬림 서랍장 2단 화이트 1개,슬림서랍장,320-A1-1-255,2026-04-16,14,10,10,10,103,normal,10.89,18,1.29,103,3.43,active
R012318880001,24335591,보노하우스 우드상판 슬림 서랍장 2단 투명 1개,슬림서랍장,320-A1-1-256,2026-04-16,7,3,3,3,27,normal,7.00,14,1.00,27,0.90,active
R004064670013,11070719,모던 틈새 슬림서랍장 화이트 2단 2개,슬림서랍장,320-A1-1-257,2026-04-16,9,1,1,1,11,normal,21.00,6,0.43,11,0.37,active
R000538800016,3094772,Box_모던해피박스_그레이_2개,해피,320-A1-1-258,2026-04-16,6,1,1,1,10,normal,16.80,5,0.36,10,0.33,active
R000538800020,3094776,Box_모던해피박스_아이보리_2개,해피,320-A1-1-259,2026-04-16,16,2,2,2,25,normal,28.00,8,0.57,25,0.83,active
R001327720022,7097091,BOX_모던 해피박스 2P 블루+그레이,해피,320-A1-1-260,2026-04-16,20,1,1,1,13,high,56.00,5,0.36,13,0.43,active
R001327720028,7097097,BOX_모던 해피박스 2P 바이올렛+아이보리,해피,320-A1-1-261,2026-04-16,28,11,11,11,109,normal,10.59,37,2.64,109,3.63,active
R001327720023,7097092,BOX_모던 해피박스 2P 블루+바이올렛,해피,320-A1-1-263,2026-04-16,10,1,1,1,12,normal,35.00,4,0.29,12,0.40,active
R001327720021,7097090,BOX_모던 해피박스 2P 블루+아이보리,해피,320-A1-1-264,2026-04-16,53,23,23,23,234,normal,7.13,104,7.43,234,7.80,active
R001327720038,7097107,BOX_모던 해피박스 4P 바이올렛2개+아이보리2개,해피,320-A1-1-265,2026-04-16,4,0,0,0,3,high,56.00,1,0.07,3,0.10,active
R010638740002,18054290,보노하우스 로코스 수납 바스켓 XS 6개 화이트 1팩,리빙박스 로코스,320-A1-1-266,2026-04-16,25,0,0,0,5,high,87.50,4,0.29,5,0.17,active
R010638740001,18054289,보노하우스 로코스 수납 바스켓 XS 6개 크림 1팩,리빙박스 로코스,320-A1-1-267,2026-04-16,22,0,0,0,3,high,308.00,1,0.07,3,0.10,active
R001475620010,7682276,보노 슬림서랍장 3단 화이트(바퀴포함),슬림서랍장,320-A1-1-241,2026-04-16,4,0,0,0,0,normal,,0,0.00,0,0.00,active
R000695390012,3211586,슬림 서랍장 3단 투명,슬림서랍장,320-A1-1-242,2026-04-16,41,12,12,12,115,normal,17.39,33,2.36,115,3.83,active
R000695390010,3211584,슬림 서랍장 3단 그레이,슬림서랍장,320-A1-1-244,2026-04-16,22,1,1,1,14,high,102.67,3,0.21,14,0.47,active
R012219050008,23530828,보노하우스 우드상판 슬림 서랍장 3단 화이트 1개,슬림서랍장,320-A1-1-245,2026-04-16,55,12,12,12,122,normal,25.67,30,2.14,122,4.07,active
R012219050007,23530824,보노하우스 우드상판 슬림 서랍장 3단 투명 1개,슬림서랍장,320-A1-1-246,2026-04-16,6,2,2,2,22,normal,12.00,7,0.50,22,0.73,active
R000240980004,2216043,보노하우스 모던 틈새 슬림서랍장 2단 화이트,슬림서랍장,320-A1-1-250,2026-04-16,59,1,1,1,13,high,137.67,6,0.43,13,0.43,active
R001475620004,7682147,보노 슬림서랍장 2단 화이트(바퀴포함),슬림서랍장,320-A1-1-251,2026-04-16,5,0,0,0,0,normal,,0,0.00,0,0.00,active
1000000277838,470639,화이트슬림2단 투명,슬림서랍장,320-A1-1-252,2026-04-16,3,0,0,0,0,normal,,0,0.00,0,0.00,active
R000695390006,3211580,슬림 서랍장 2단 투명,슬림서랍장,320-A1-1-252,2026-04-16,35,8,8,8,77,normal,14.41,34,2.43,77,2.57,active
R001475620016,7682153,보노 슬림서랍장 4단 화이트(바퀴포함),슬림서랍장,320-A1-1-231,2026-04-16,6,2,2,2,18,normal,10.50,8,0.57,18,0.60,active
R000695390018,3211591,슬림 서랍장 4단 투명,슬림서랍장,320-A1-1-232,2026-04-16,37,3,3,3,31,high,103.60,5,0.36,31,1.03,active
R001475620018,7682155,보노 슬림서랍장 4단 투명(바퀴포함),슬림서랍장,320-A1-1-233,2026-04-16,5,1,1,1,8,normal,14.00,5,0.36,8,0.27,active
R000695390016,3211590,슬림 서랍장 4단 그레이,슬림서랍장,320-A1-1-234,2026-04-16,12,1,1,1,14,normal,21.00,8,0.57,14,0.47,active
R000695390013,3211587,슬림 서랍장 4단 아이보리,슬림서랍장,320-A1-1-235,2026-04-16,18,0,0,0,5,high,,0,0.00,5,0.17,active
R012219050006,23530829,보노하우스 우드상판 슬림 서랍장 4단 화이트 1개,슬림서랍장,320-A1-1-236,2026-04-16,46,10,10,10,95,normal,16.10,40,2.86,95,3.17,active
R012219050005,23530826,보노하우스 우드상판 슬림 서랍장 4단 투명 1개,슬림서랍장,320-A1-1-237,2026-04-16,19,1,1,1,12,high,266.00,1,0.07,12,0.40,active
R000240980008,2216047,화이트앤컬러_슬림서랍장_화이트3단,슬림서랍장,320-A1-1-240,2026-04-16,54,8,8,8,81,normal,20.43,37,2.64,81,2.70,active
R000695390011,3211585,슬림 서랍장 3단 화이트,슬림서랍장,320-A1-1-240,2026-04-16,11,1,1,1,8,high,38.50,4,0.29,8,0.27,active
R000695390025,3211598,슬림 서랍장 6단 아이보리,슬림서랍장,320-A1-1-218,2026-04-16,11,1,1,1,11,normal,77.00,2,0.14,11,0.37,active
R000695390019,3211592,슬림 서랍장 5단 아이보리,슬림서랍장,320-A1-1-219,2026-04-16,18,1,1,1,10,high,31.50,8,0.57,10,0.33,active
R004065760001,11077281,슬림 틈새 서랍장 6단 그레이,슬림서랍장,320-A1-1-220,2026-04-16,20,1,1,1,8,high,140.00,2,0.14,8,0.27,active
R000695390022,3211595,슬림 서랍장 5단 그레이,슬림서랍장,320-A1-1-221,2026-04-16,10,2,2,2,17,normal,17.50,8,0.57,17,0.57,active
R012219050002,23530851,보노하우스 우드상판 슬림 서랍장 6단 화이트 1개,슬림서랍장,320-A1-1-222,2026-04-16,25,6,6,6,64,normal,11.67,30,2.14,64,2.13,active
R012219050004,23530827,보노하우스 우드상판 슬림 서랍장 5단 화이트 1개,슬림서랍장,320-A1-1-223,2026-04-16,70,10,10,10,100,normal,25.13,39,2.79,100,3.33,active
R012219050001,23530850,보노하우스 우드상판 슬림 서랍장 6단 투명 1개,슬림서랍장,320-A1-1-224,2026-04-16,13,4,4,4,36,normal,7.28,25,1.79,36,1.20,active
R012219050003,23530825,보노하우스 우드상판 슬림 서랍장 5단 투명 1개,슬림서랍장,320-A1-1-225,2026-04-16,42,3,3,3,34,high,58.80,10,0.71,34,1.13,active
R000240980012,2216051,슬림서랍장_화이트4단,슬림서랍장,320-A1-1-230,2026-04-16,31,4,4,4,41,normal,25.53,17,1.21,41,1.37,active
R000240980020,2216059,슬림 서랍장 6단 화이트,슬림서랍장,320-A1-1-210,2026-04-16,128,6,6,6,62,high,99.56,18,1.29,62,2.07,active
R001475620028,7682141,보노 슬림서랍장 6단 화이트(바퀴포함),슬림서랍장,320-A1-1-211,2026-04-16,4,1,1,1,13,normal,18.67,3,0.21,13,0.43,active
R000695390023,3211596,슬림 서랍장 5단 화이트,슬림서랍장,320-A1-1-212,2026-04-16,8,0,0,0,0,normal,,0,0.00,0,0.00,active
R000240980016,2216055,화이트앤컬러_슬림서랍장_화이트5단,슬림서랍장,320-A1-1-212,2026-04-16,42,13,13,13,134,normal,9.97,59,4.21,134,4.47,active
R001475620022,7682515,보노 슬림서랍장 5단 화이트(바퀴포함),슬림서랍장,320-A1-1-213,2026-04-16,6,0,0,0,4,high,42.00,2,0.14,4,0.13,active
R000695390028,3211601,슬림 서랍장 6단 투명,슬림서랍장,320-A1-1-214,2026-04-16,37,4,4,4,36,high,37.00,14,1.00,36,1.20,active
R001475620030,7682145,보노 슬림서랍장 6단 투명(바퀴포함),슬림서랍장,320-A1-1-215,2026-04-16,4,1,1,1,8,normal,14.00,4,0.29,8,0.27,active
R000695390024,3211597,슬림 서랍장 5단 투명,슬림서랍장,320-A1-1-216,2026-04-16,32,7,7,7,74,normal,12.80,35,2.50,74,2.47,active
R001475620024,7682517,보노 슬림서랍장 5단 투명(바퀴포함),슬림서랍장,320-A1-1-217,2026-04-16,4,0,0,0,3,high,56.00,1,0.07,3,0.10,active
R007936240001,14904505,어반 어깨뿔 방지 옷걸이 70개 그레이,옷걸이,320-A1-1-190,2026-04-16,4,0,0,0,2,high,56.00,1,0.07,2,0.07,active
R004464600003,11509032,모던 틈새 수납장 8단 화이트,슬림서랍장,320-A1-1-200,2026-04-16,39,10,10,10,99,normal,14.37,38,2.71,99,3.30,active
R004464600004,11509033,모던 틈새 수납장 7단 화이트,슬림서랍장,320-A1-1-201,2026-04-16,20,2,2,2,20,normal,31.11,9,0.64,20,0.67,active
R004464600001,11509030,모던 틈새 수납장 8단 투명,슬림서랍장,320-A1-1-202,2026-04-16,30,10,10,10,105,normal,13.55,31,2.21,105,3.50,active
R004464600005,11509034,모던 틈새 수납장 7단 투명,슬림서랍장,320-A1-1-203,2026-04-16,9,3,3,3,34,normal,14.00,9,0.64,34,1.13,active
R004464600002,11509031,모던 틈새 수납장 8단 그레이,슬림서랍장,320-A1-1-204,2026-04-16,9,2,2,2,20,normal,15.75,8,0.57,20,0.67,active
R004464600006,11509035,모던 틈새 수납장 7단 그레이,슬림서랍장,320-A1-1-205,2026-04-16,16,0,0,0,0,normal,,0,0.00,0,0.00,active
R004064670007,11070710,모던 틈새 슬림서랍장 화이트 4단 2개,슬림서랍장,320-A1-1-206,2026-04-16,1,0,0,0,0,normal,,0,0.00,0,0.00,active
R004064670012,11070709,모던 틈새 슬림서랍장 투명 4단 2개,슬림서랍장,320-A1-1-207,2026-04-16,10,0,0,0,1,high,,0,0.00,1,0.03,active
R000695390027,3211600,슬림 서랍장 6단 화이트,슬림서랍장,320-A1-1-210,2026-04-16,4,2,2,2,17,normal,5.60,10,0.71,17,0.57,active
R004514090002,11541116,옷정리 트레이 50개,트레이,320-A1-1-178,2026-04-16,48,14,14,14,145,normal,8.62,78,5.57,145,4.83,active
R013338780001,28260372,보노하우스 어반 어깨뿔 방지 옷걸이 크림 30개,옷걸이,320-A1-1-180,2026-04-16,21,5,5,5,52,normal,13.36,22,1.57,52,1.73,active
R013338780003,28260374,보노하우스 어반 어깨뿔 방지 옷걸이 블랙 30개,옷걸이,320-A1-1-181,2026-04-16,6,2,2,2,15,normal,16.80,5,0.36,15,0.50,active
R013338780002,28260373,보노하우스 어반 어깨뿔 방지 옷걸이 크림 50개,옷걸이,320-A1-1-182,2026-04-16,9,3,3,3,33,normal,7.88,16,1.14,33,1.10,active
R013338780004,28260375,보노하우스 어반 어깨뿔 방지 옷걸이 블랙 50개,옷걸이,320-A1-1-183,2026-04-16,6,2,2,2,19,normal,9.33,9,0.64,19,0.63,active
R010417210001,17579474,보노하우스 어반 어깨뿔 방지 옷걸이 화이트 30개 화이트 30개 1팩,옷걸이,320-A1-1-184,2026-04-16,34,11,11,11,110,normal,11.90,40,2.86,110,3.67,active
R010417720001,17580871,보노하우스 어반 어깨뿔 방지 옷걸이 그레이 30개 그레이 30개 1팩,옷걸이,320-A1-1-185,2026-04-16,16,2,2,2,21,normal,16.00,14,1.00,21,0.70,active
R008022790001,15070038,어반 어깨뿔 방지 옷걸이 50개 화이트,옷걸이,320-A1-1-186,2026-04-16,17,5,5,5,53,normal,8.50,28,2.00,53,1.77,active
R008024230001,15069973,어반 어깨뿔 방지 옷걸이 50개 그레이,옷걸이,320-A1-1-187,2026-04-16,6,3,3,3,27,normal,9.33,9,0.64,27,0.90,active
R008024230002,15069974,어반 어깨뿔 방지 옷걸이 혼합 50개,옷걸이,320-A1-1-188,2026-04-16,13,0,0,0,1,high,182.00,1,0.07,1,0.03,active
R008022790002,15070039,어반 어깨뿔 방지 옷걸이 70개 화이트,옷걸이,320-A1-1-189,2026-04-16,4,1,1,1,6,normal,18.67,3,0.21,6,0.20,active
R006596890002,14074656,로코스 수납 바스켓 M 4개 크림,리빙박스 로코스,320-A1-1-163,2026-04-16,242,22,22,22,219,high,42.35,80,5.71,219,7.30,active
R012320360004,24254262,보노하우스 로코스 수납 바스켓 M 라이트 화이트 4개,리빙박스 로코스,320-A1-1-164,2026-04-16,32,0,0,0,3,high,,0,0.00,3,0.10,active
R010268740001,17346918,로코스 수납 바스켓 M 4개 화이트 화이트 1팩,리빙박스 로코스,320-A1-1-164,2026-04-16,48,13,13,13,126,normal,12.22,55,3.93,126,4.20,active
R012319980005,24335715,보노하우스 로코스 수납정리함 화이트 L 6개 1팩,리빙박스 로코스,320-A1-1-166,2026-04-16,86,24,24,24,235,normal,11.69,103,7.36,235,7.83,active
R012319980006,24335719,보노하우스 로코스 수납정리함 크림 L 6개 1팩,리빙박스 로코스,320-A1-1-167,2026-04-16,100,31,31,31,309,normal,12.17,115,8.21,309,10.30,active
R012319980001,24335716,보노하우스 로코스 수납정리함 화이트 S 4개 1팩,리빙박스 로코스,320-A1-1-170,2026-04-16,116,18,18,18,184,normal,18.88,86,6.14,184,6.13,active
R012318560002,24335354,보노하우스 로코스 수납 바스켓 S  라이트 화이트 8개,리빙박스 로코스,320-A1-1-171,2026-04-16,9,6,6,6,55,normal,4.34,29,2.07,55,1.83,active
R006596970005,14074669,Box_로코스 수납 바스켓 S 8개 화이트,리빙박스 로코스,320-A1-1-171,2026-04-16,35,5,5,5,52,normal,49.00,10,0.71,52,1.73,active
R012318560001,24335352,보노하우스 로코스 수납 바스켓 S  아이보리 8개,리빙박스 로코스,320-A1-1-172,2026-04-16,4,0,0,0,2,high,,0,0.00,2,0.07,active
R006596970002,14074667,로코스 수납 바스켓 S 8개 크림,리빙박스 로코스,320-A1-1-172,2026-04-16,14,4,4,4,40,normal,16.33,12,0.86,40,1.33,active
R012319980002,24335720,보노하우스 로코스 수납정리함 크림 S 4개 1팩,리빙박스 로코스,320-A1-1-173,2026-04-16,115,13,13,13,133,normal,39.27,41,2.93,133,4.43,active
R003071410001,10121237,셔츠트레이 10개,트레이,320-A1-1-175,2026-04-16,27,4,4,4,38,normal,17.18,22,1.57,38,1.27,active
R014930400004,34179922,보노하우스 슬라이딩 옷정리 적층 트레이 티셔츠 트레이 20개,트레이,320-A1-1-176,2026-04-16,28,8,8,8,75,normal,10.05,39,2.79,75,2.50,active
R014930400009,34179924,보노하우스 슬라이딩 옷정리 적층 트레이 티셔츠 트레이 30개,트레이,320-A1-1-177,2026-04-16,11,0,0,0,5,high,51.33,3,0.21,5,0.17,active
R004514090001,11541115,옷정리 트레이 30개,트레이,320-A1-1-177,2026-04-16,104,34,34,34,337,normal,8.56,170,12.14,337,11.23,active
R231382290004,59729369,보노하우스 모던 와이드 해피박스 버터 2개 1세트 46L 450X400X250mm,초대형,320-A1-1-116,2026-04-16,14,3,3,3,30,normal,28.00,7,0.50,30,1.00,active
R006596970003,14074642,로코스 수납 바스켓 L 4개 화이트,리빙박스 로코스,320-A1-1-150,2026-04-16,213,57,57,57,570,normal,13.14,227,16.21,570,19.00,active
R012319330004,24225730,보노하우스 로코스 수납 바스켓 L 라이트 화이트 4개,리빙박스 로코스,320-A1-1-150,2026-04-16,27,7,7,7,74,normal,13.03,29,2.07,74,2.47,active
R012319330003,24225729,보노하우스 로코스 수납 바스켓 L 아이보리 4개,리빙박스 로코스,320-A1-1-151,2026-04-16,18,5,5,5,47,normal,10.96,23,1.64,47,1.57,active
R006596970004,14074643,로코스 수납 바스켓 L 4개 크림,리빙박스 로코스,320-A1-1-151,2026-04-16,57,28,28,28,279,normal,7.67,104,7.43,279,9.30,active
R012320360002,24254260,보노하우스 로코스 수납 바스켓 M 라이트 화이트 8개,리빙박스 로코스,320-A1-1-161,2026-04-16,30,19,19,19,194,normal,4.33,97,6.93,194,6.47,active
R006596970006,14074670,로코스 수납 바스켓 M 8개 화이트,리빙박스 로코스,320-A1-1-161,2026-04-16,45,10,10,10,98,normal,16.15,39,2.79,98,3.27,active
R012320360001,24254259,보노하우스 로코스 수납 바스켓 M 아이보리 8개,리빙박스 로코스,320-A1-1-162,2026-04-16,14,8,8,8,81,normal,4.67,42,3.00,81,2.70,active
R006596890001,14074655,로코스 수납 바스켓 M 8개 크림,리빙박스 로코스,320-A1-1-162,2026-04-16,4,1,1,1,9,normal,7.00,8,0.57,9,0.30,active
R001327720002,7097071,BOX_모던초대형 해피박스 2P 블루+그레이,초대형,320-A1-1-104,2026-04-16,32,1,1,1,9,high,149.33,3,0.21,9,0.30,active
R001327720001,7097070,BOX_모던초대형 해피박스 2P 블루+아이보리,초대형,320-A1-1-105,2026-04-16,18,3,3,3,30,normal,19.38,13,0.93,30,1.00,active
R001327720006,7097075,BOX_모던초대형 해피박스 2P 네이비+그레이,초대형,320-A1-1-106,2026-04-16,12,1,1,1,8,high,24.00,7,0.50,8,0.27,active
R001327720008,7097077,BOX_모던초대형 해피박스 2P 바이올렛+아이보리,초대형,320-A1-1-107,2026-04-16,13,3,3,3,31,normal,7.91,23,1.64,31,1.03,active
R000538800003,3094759,Box_모던초대형해피박스_바이올렛_2개,초대형,320-A1-1-108,2026-04-16,11,1,1,1,13,normal,30.80,5,0.36,13,0.43,active
R000538800004,3094760,Box_모던초대형해피박스_블루_2개,초대형,320-A1-1-109,2026-04-16,21,2,2,2,16,high,73.50,4,0.29,16,0.53,active
R000538800002,3094758,Box_모던초대형해피박스_네이비_2개,초대형,320-A1-1-110,2026-04-16,16,1,1,1,7,high,224.00,1,0.07,7,0.23,active
R000538800001,3094757,Box_모던초대형해피박스_그레이_2개,초대형,320-A1-1-111,2026-04-16,19,6,6,6,56,normal,8.87,30,2.14,56,1.87,active
R000538800005,3094761,Box_모던초대형해피박스_아이보리_2개,초대형,320-A1-1-112,2026-04-16,19,7,7,7,70,normal,8.87,30,2.14,70,2.33,active
R231382260001,59729366,보노하우스 모던 와이드 해피박스 핑크 2개 1세트 46L 450X400X250mm,초대형,320-A1-1-113,2026-04-16,12,1,1,1,9,high,84.00,2,0.14,9,0.30,active
R231382270002,59729367,보노하우스 모던 와이드 해피박스 블루 2개 1세트 46L 450X400X250mm,초대형,320-A1-1-114,2026-04-16,4,1,1,1,7,normal,18.67,3,0.21,7,0.23,active
R231382280003,59729368,보노하우스 모던 와이드 해피박스 그레이 2개 1세트 46L 450X400X250mm,초대형,320-A1-1-115,2026-04-16,22,2,2,2,21,high,38.50,8,0.57,21,0.70,active
R245371640003,67816625,보노하우스 국내제조 템바보드 서랍장 6단 네이비 1개 6단 562 x 420 x 1172,모던 플러스,320-A1-1-41,2026-04-16,4,1,1,1,8,normal,18.67,3,0.21,8,0.27,active
R245371650004,67816626,보노하우스 국내제조 템바보드 서랍장 6단 딥그린 1개 6단 562 x 420 x 1172,모던 플러스,320-A1-1-42,2026-04-16,4,1,1,1,7,normal,18.67,3,0.21,7,0.23,active
R245371660005,67816627,보노하우스 국내제조 템바보드 서랍장 6단 버터 1개 6단 562 x 420 x 1172 m,모던 플러스,320-A1-1-43,2026-04-16,4,1,1,1,8,normal,11.20,5,0.36,8,0.27,active
R245371670006,67816628,보노하우스 국내제조 템바보드 서랍장 6단 모던핑크 1개 6단 562 x 420 x 1172,모던 플러스,320-A1-1-44,2026-04-16,10,1,1,1,11,normal,70.00,2,0.14,11,0.37,active
R000538800011,3094767,Box_모던초대형해피박스_그레이_4개,초대형,320-A1-1-100,2026-04-16,8,1,1,1,8,normal,56.00,2,0.14,8,0.27,active
R000538800006,3094762,Box_모던초대형해피박스_그레이_3개,초대형,320-A1-1-101,2026-04-16,24,0,0,0,3,high,168.00,2,0.14,3,0.10,active
R001327720003,7097072,BOX_모던초대형 해피박스 2P 블루+바이올렛,초대형,320-A1-1-102,2026-04-16,3,2,2,2,20,normal,3.50,12,0.86,20,0.67,active
R001327720004,7097073,BOX_모던초대형 해피박스 2P 블루+네이비,초대형,320-A1-1-103,2026-04-16,25,1,1,1,6,high,350.00,1,0.07,6,0.20,active
R240325720001,64528481,보노하우스 모던플러스 우드상판 서랍장 2단 화이트 오크 1개 550 X 400 X 410m,모던 플러스,320-A1-1-29,2026-04-16,27,5,5,5,54,normal,14.00,27,1.93,54,1.80,active
R240325730002,64528482,보노하우스 모던플러스 우드상판 서랍장 2단 내츄럴 오크 1개 550 X 400 X 410m,모던 플러스,320-A1-1-30,2026-04-16,33,8,8,8,79,normal,14.44,32,2.29,79,2.63,active
R243081150002,66075047,보노하우스 국내제조 모던플러스 우드상판 서랍장 화이트+내추럴 오크 1개 6단 550 x 4,모던 플러스,320-A1-1-31,2026-04-16,14,6,6,6,59,normal,6.12,32,2.29,59,1.97,active
R243081140001,66075046,보노하우스 국내제조 모던플러스 우드상판 서랍장 화이트+화이트 오크 1개 6단 550 x 4,모던 플러스,320-A1-1-32,2026-04-16,9,3,3,3,31,normal,7.41,17,1.21,31,1.03,active
R243348770001,66219710,보노하우스 국내제조 템바보드 서랍장 화이트 1개 2단 562mm,모던 플러스,320-A1-1-33,2026-04-16,22,8,8,8,79,normal,7.70,40,2.86,79,2.63,active
R243348780002,66219711,보노하우스 국내제조 템바보드 서랍장 네이비 1개 2단 562mm,모던 플러스,320-A1-1-34,2026-04-16,5,1,1,1,11,normal,14.00,5,0.36,11,0.37,active
R243348800004,66219714,보노하우스 국내제조 템바보드 서랍장 그레이 1개 2단 562mm,모던 플러스,320-A1-1-35,2026-04-16,16,4,4,4,42,normal,11.20,20,1.43,42,1.40,active
R243348820006,66219716,보노하우스 국내제조 템바보드 서랍장 딥그린 1개 2단 562mm,모던 플러스,320-A1-1-36,2026-04-16,12,4,4,4,40,normal,7.64,22,1.57,40,1.33,active
R243348810005,66219715,보노하우스 국내제조 템바보드 서랍장 버터 1개 2단 562mm,모던 플러스,320-A1-1-37,2026-04-16,7,2,2,2,16,normal,10.89,9,0.64,16,0.53,active
R243348790003,66219713,보노하우스 국내제조 템바보드 서랍장 모던핑크 1개 2단 562mm,모던 플러스,320-A1-1-38,2026-04-16,15,3,3,3,32,normal,16.15,13,0.93,32,1.07,active
R245371620001,67816623,보노하우스 국내제조 템바보드 서랍장 6단 화이트 1개 6단 562 x 420 x 1172,모던 플러스,320-A1-1-39,2026-04-16,6,3,3,3,31,normal,5.25,16,1.14,31,1.03,active
R245371630002,67816624,보노하우스 국내제조 템바보드 서랍장 6단 그레이 1개 6단 562 x 420 x 1172,모던 플러스,320-A1-1-40,2026-04-16,5,1,1,1,7,normal,70.00,1,0.07,7,0.23,active
R000150580003,2125211,뉴모던플러스 3단 레인보우,모던 플러스,320-A1-1-20,2026-04-16,10,0,0,0,2,high,,0,0.00,2,0.07,active
R001022650001,4119304,001 코지 모던 체스트 3단 아이보리,모던 플러스,320-A1-1-21,2026-04-16,4,0,0,0,1,high,,0,0.00,1,0.03,active
R205228430004,41750344,보노하우스 모던플러스 서랍장 티크 우드 상판형 티크 우드 6단 1개,모던 플러스,320-A1-1-23,2026-04-16,22,4,4,4,35,normal,25.67,12,0.86,35,1.17,active
R205228400001,41750342,보노하우스 모던플러스 서랍장 티크 우드 상판형 티크 우드 5단 1개,모던 플러스,320-A1-1-24,2026-04-16,14,0,0,0,2,high,196.00,1,0.07,2,0.07,active
R205228410002,41750341,보노하우스 모던플러스 서랍장 티크 우드 상판형 티크 우드 4단 1개,모던 플러스,320-A1-1-25,2026-04-16,11,0,0,0,5,high,154.00,1,0.07,5,0.17,active
R205228420003,41750345,보노하우스 모던플러스 서랍장 티크 우드 상판형 티크 우드 3단 1개,모던 플러스,320-A1-1-26,2026-04-16,6,0,0,0,2,high,42.00,2,0.14,2,0.07,active
R205228440005,41750343,보노하우스 모던플러스 서랍장 티크 우드 상판형 티크 우드 2단 1개,모던 플러스,320-A1-1-27,2026-04-16,29,0,0,0,0,normal,,0,0.00,0,0.00,active
R240325740003,64528483,보노하우스 모던플러스 우드상판 서랍장 2단 티크 오크 1개 550 X 400 X 410mm,모던 플러스,320-A1-1-27,2026-04-16,6,0,0,0,4,high,42.00,2,0.14,4,0.13,active
R236660680001,62877303,보노하우스 모던플러스 서랍장 2단 화이트 2단 1개 550*400*432mm,모던 플러스,320-A1-1-28,2026-04-16,70,33,33,33,329,normal,7.48,131,9.36,329,10.97,active
R222633070010,54047054,보노하우스 라탄플러스 우드상판 서랍장 모던 화이트 5단 1개 562mm,모던 플러스,320-A1-1-10,2026-04-16,54,13,13,13,131,normal,13.03,58,4.14,131,4.37,active
R013022780003,26650597,보노하우스 템바보드 서랍장 4단 네이비,모던 플러스,320-A1-1-11,2026-04-16,10,2,2,2,24,normal,11.67,12,0.86,24,0.80,active
R007758550002,15029612,모던플러스 내츄럴오크 우드상판형 3단 서랍장,모던 플러스,320-A1-1-12,2026-04-16,24,9,9,9,91,normal,8.00,42,3.00,91,3.03,active
R222633010004,54047047,보노하우스 라탄플러스 우드상판 서랍장 모던 화이트 3단 1개 562mm,모던 플러스,320-A1-1-13,2026-04-16,44,5,5,5,49,normal,38.50,16,1.14,49,1.63,active
R013022310004,26647004,보노하우스 카밀라 템바보드 서랍장 3단 화이트,모던 플러스,320-A1-1-14,2026-04-16,28,10,10,10,100,normal,8.34,47,3.36,100,3.33,active
R000150580031,2125239,뉴모던플러스 5단 레인보우,모던 플러스,320-A1-1-15,2026-04-16,4,1,1,1,10,normal,9.33,6,0.43,10,0.33,active
1000000210576,441417,모던플러스 4단 서랍장 화이트,모던 플러스,320-A1-1-16,2026-04-16,4,2,2,2,18,normal,9.33,6,0.43,18,0.60,active
R000150580019,2125227,뉴모던플러스 4단 바이올렛,모던 플러스,320-A1-1-17,2026-04-16,4,0,0,0,2,high,,0,0.00,2,0.07,active
R000150580017,2125225,뉴모던플러스 4단 레인보우,모던 플러스,320-A1-1-18,2026-04-16,5,0,0,0,1,high,70.00,1,0.07,1,0.03,active
R000150580014,2125222,뉴모던플러스 우드형상판 3단 화이트,모던 플러스,320-A1-1-19,2026-04-16,15,1,1,1,13,high,70.00,3,0.21,13,0.43,active
R003750270003,10759700,모던플러스 내츄럴오크 우드상판형 5단,모던 플러스,320-A1-1-1,2026-04-16,96,36,36,36,361,normal,8.56,157,11.21,361,12.03,active
R000150580042,2125250,뉴모던플러스 우드형상판 5단 화이트,모던 플러스,320-A1-1-2,2026-04-16,75,30,30,30,305,normal,7.84,134,9.57,305,10.17,active
R013022860004,26650826,보노하우스 템바보드 서랍장 5단 화이트,모던 플러스,320-A1-1-3,2026-04-16,78,24,24,24,244,normal,12.70,86,6.14,244,8.13,active
R222633100013,54047058,보노하우스 라탄플러스 우드상판 서랍장 모던 화이트 6단 1개 562mm,모던 플러스,320-A1-1-4,2026-04-16,61,12,12,12,123,normal,17.43,49,3.50,123,4.10,active
R013022860003,26650825,보노하우스 템바보드 서랍장 5단 네이비,모던 플러스,320-A1-1-5,2026-04-16,30,4,4,4,39,normal,35.00,12,0.86,39,1.30,active
R013022860001,26650823,보노하우스 템바보드 서랍장 5단 모던핑크,모던 플러스,320-A1-1-6,2026-04-16,17,11,11,11,107,normal,4.76,50,3.57,107,3.57,active
R007758550001,15029611,모던플러스 내츄럴오크 우드상판형 4단 서랍장,모던 플러스,320-A1-1-7,2026-04-16,72,35,35,35,353,normal,5.51,183,13.07,353,11.77,active
R222633040007,54047050,보노하우스 라탄플러스 우드상판 서랍장 모던 화이트 4단 1개 562mm,모던 플러스,320-A1-1-8,2026-04-16,70,7,7,7,72,normal,36.30,27,1.93,72,2.40,active
R013022780004,26650598,보노하우스 템바보드 서랍장 4단 화이트,모던 플러스,320-A1-1-9,2026-04-16,46,13,13,13,131,normal,12.38,52,3.71,131,4.37,active
